Stat Nr;Stat;Attack0;Support0;Generalize0;Specialize0;Attack1;Support1;Generalize1;Specialize1;Attack2;Support2;Generalize2;Specialize2;Attack3;Support3;Generalize3;Specialize3;L = 0;R = 0;L = 1;R = 1;L = 2;R = 2;L = 3;R = 3;L = 4;R = 4;L = 5;R = 5;L = 6;R = 6;L = 7;R = 7;L = 8;R = 8;L = 9;R = 9;L = 10;R = 10;L = 11;R = 11;L = 12;R = 12;L = 13;R = 13;L = 14;R = 14;L = 15;R = 15;L = 16;R = 16;L = 17;R = 17;L = 18;R = 18;L = 19;R = 19;L = 20;R = 20;L = 21;R = 21;L = 22;R = 22;L = 23;R = 23;L = 24;R = 24;L = 25;R = 25;L = 26;R = 26;L = 27;R = 27;L = 28;R = 28;L = 29;R = 29;L = 30;R = 30;L = 31;R = 31;L = 32;R = 32;L = 33;R = 33;L = 34;R = 34;L = 35;R = 35;L = 36;R = 36;L = 37;R = 37;L = 38;R = 38;L = 39;R = 39;L = 40;R = 40;L = 41;R = 41;L = 42;R = 42;L = 43;R = 43;L = 44;R = 44;L = 45;R = 45;L = 46;R = 46;L = 47;R = 47;Tot Gen;Tot Retr
0;War _ exceptional;10;32;20;20;136;114;0;0;232;154;46;0;153;66;51;204;0;0;0;0;0;0;0;0;0;0;0;0;0;0;0;0;0;0;0;0;0;0;0;0;0;0;0;0;0;0;0;0;0;0;0;0;0;0;0;0;0;0;0;0;0;0;0;0;0;0;0;0;0;0;0;0;0;0;0;0;0;0;0;0;0;0;0;0;0;0;0;0;0;0;0;0;0;0;0;0;0;0;0;0;0;0;0;0;0;0;0;0;0;0;0;0;1238;0
1;War not effective;10;29;17;17;126;136;0;0;221;165;43;0;149;67;51;204;8;0;5;0;3;0;1;0;0;0;0;0;0;0;0;0;0;0;0;0;0;0;0;0;0;0;0;0;0;0;0;0;0;0;0;0;0;0;0;0;0;0;0;0;0;0;0;0;0;0;0;0;0;0;0;0;0;0;0;0;0;0;0;0;0;0;0;0;0;0;0;0;0;0;0;0;0;0;0;0;0;0;0;0;0;0;0;0;0;0;0;0;0;0;0;0;1235;17
2;People must not worried;4;3;0;35;72;53;0;13;68;45;0;0;36;55;0;16;0;0;2;0;0;0;0;0;0;0;0;0;0;0;0;0;0;0;0;0;0;0;0;0;0;0;0;0;0;0;0;0;0;0;0;0;0;0;0;0;0;0;0;0;0;0;0;0;0;0;0;0;0;0;0;0;0;0;0;0;0;0;0;0;0;0;0;0;0;0;0;0;0;0;0;0;0;0;0;0;0;0;0;0;0;0;0;0;0;0;0;0;0;0;0;0;400;2
3;World _ threatened;7;28;0;35;74;72;0;0;92;106;0;0;52;8;0;0;1;0;2;0;0;0;0;0;0;0;0;0;0;0;0;0;0;0;0;0;0;0;0;0;0;0;0;0;0;0;0;0;0;0;0;0;0;0;0;0;0;0;0;0;0;0;0;0;0;0;0;0;0;0;0;0;0;0;0;0;0;0;0;0;0;0;0;0;0;0;0;0;0;0;0;0;0;0;0;0;0;0;0;0;0;0;0;0;0;0;0;0;0;0;0;0;474;3
4;USA _ hated;5;5;0;0;4;1;0;0;2;0;0;0;0;0;0;0;0;0;0;0;0;0;0;0;0;0;0;0;0;0;0;0;0;0;0;0;0;0;0;0;0;0;0;0;0;0;0;0;0;0;0;0;0;0;0;0;0;0;0;0;0;0;0;0;0;0;0;0;0;0;0;0;0;0;0;0;0;0;0;0;0;0;0;0;0;0;0;0;0;0;0;0;0;0;0;0;0;0;0;0;0;0;0;0;0;0;0;0;0;0;0;0;17;0
5;Enemies _ collaborating;6;14;0;0;22;39;12;12;68;57;17;81;167;67;0;0;0;0;0;0;0;0;0;0;0;0;0;0;0;0;0;0;0;0;0;0;0;0;0;0;0;0;0;0;0;0;0;0;0;0;0;0;0;0;0;0;0;0;0;0;0;0;0;0;0;0;0;0;0;0;0;0;0;0;0;0;0;0;0;0;0;0;0;0;0;0;0;0;0;0;0;0;0;0;0;0;0;0;0;0;0;0;0;0;0;0;0;0;0;0;0;0;562;0
6;Government _ censured;5;15;0;0;23;41;10;35;79;25;1;19;40;20;0;0;0;0;0;0;0;0;1;0;0;0;0;0;0;0;0;0;0;0;0;0;0;0;0;0;0;0;0;0;0;0;0;0;0;0;0;0;0;0;0;0;0;0;0;0;0;0;0;0;0;0;0;0;0;0;0;0;0;0;0;0;0;0;0;0;0;0;0;0;0;0;0;0;0;0;0;0;0;0;0;0;0;0;0;0;0;0;0;0;0;0;0;0;0;0;0;0;313;1
7;Supplies _ waste;6;14;0;0;17;5;0;0;8;0;0;0;1;0;0;0;1;0;0;0;0;0;0;0;0;0;0;0;0;0;0;0;0;0;0;0;0;0;0;0;0;0;0;0;0;0;0;0;0;0;0;0;0;0;0;0;0;0;0;0;0;0;0;0;0;0;0;0;0;0;0;0;0;0;0;0;0;0;0;0;0;0;0;0;0;0;0;0;0;0;0;0;0;0;0;0;0;0;0;0;0;0;0;0;0;0;0;0;0;0;0;0;51;1
8;Bin Laden _ dangerous;6;10;0;0;15;18;5;19;78;33;0;12;60;30;0;0;0;0;0;0;0;0;0;0;0;0;0;0;0;0;0;0;0;0;0;0;0;0;0;0;0;0;0;0;0;0;0;0;0;0;0;0;0;0;0;0;0;0;0;0;0;0;0;0;0;0;0;0;0;0;0;0;0;0;0;0;0;0;0;0;0;0;0;0;0;0;0;0;0;0;0;0;0;0;0;0;0;0;0;0;0;0;0;0;0;0;0;0;0;0;0;0;286;0
9;Israel _ secure;6;13;0;0;32;36;0;0;51;44;0;0;31;19;0;0;0;0;0;0;0;0;0;0;0;0;0;0;0;0;0;0;0;0;0;0;0;0;0;0;0;0;0;0;0;0;0;0;0;0;0;0;0;0;0;0;0;0;0;0;0;0;0;0;0;0;0;0;0;0;0;0;0;0;0;0;0;0;0;0;0;0;0;0;0;0;0;0;0;0;0;0;0;0;0;0;0;0;0;0;0;0;0;0;0;0;0;0;0;0;0;0;232;0
10;CurrentWorld _ attacked;5;10;15;0;42;76;0;0;40;68;0;0;72;104;0;0;1;0;2;0;0;0;0;0;0;0;0;0;0;0;0;0;0;0;0;0;0;0;0;0;0;0;0;0;0;0;0;0;0;0;0;0;0;0;0;0;0;0;0;0;0;0;0;0;0;0;0;0;0;0;0;0;0;0;0;0;0;0;0;0;0;0;0;0;0;0;0;0;0;0;0;0;0;0;0;0;0;0;0;0;0;0;0;0;0;0;0;0;0;0;0;0;432;3
11;Oligarchy _ exploiting;6;20;9;34;77;48;0;15;65;26;0;0;36;51;0;17;1;0;0;0;0;0;0;0;0;0;0;0;0;0;0;0;0;0;0;0;0;0;0;0;0;0;0;0;0;0;0;0;0;0;0;0;0;0;0;0;0;0;0;0;0;0;0;0;0;0;0;0;0;0;0;0;0;0;0;0;0;0;0;0;0;0;0;0;0;0;0;0;0;0;0;0;0;0;0;0;0;0;0;0;0;0;0;0;0;0;0;0;0;0;0;0;404;1
12;War _ effective;9;28;16;16;110;128;0;0;222;169;43;0;165;72;51;204;7;0;5;0;5;0;0;0;0;0;0;0;0;0;0;0;0;0;0;0;0;0;0;0;0;0;0;0;0;0;0;0;0;0;0;0;0;0;0;0;0;0;0;0;0;0;0;0;0;0;0;0;0;0;0;0;0;0;0;0;0;0;0;0;0;0;0;0;0;0;0;0;0;0;0;0;0;0;0;0;0;0;0;0;0;0;0;0;0;0;0;0;0;0;0;0;1233;17
13;War _ necessary;8;22;10;10;52;44;0;0;68;52;16;0;33;22;17;68;0;0;2;0;0;0;1;0;0;0;0;0;0;0;0;0;0;0;0;0;0;0;0;0;0;0;0;0;0;0;0;0;0;0;0;0;0;0;0;0;0;0;0;0;0;0;0;0;0;0;0;0;0;0;0;0;0;0;0;0;0;0;0;0;0;0;0;0;0;0;0;0;0;0;0;0;0;0;0;0;0;0;0;0;0;0;0;0;0;0;0;0;0;0;0;0;422;3
14;Supplies _ waste;6;14;0;0;17;5;0;0;8;0;0;0;1;0;0;0;1;0;0;0;0;0;0;0;0;0;0;0;0;0;0;0;0;0;0;0;0;0;0;0;0;0;0;0;0;0;0;0;0;0;0;0;0;0;0;0;0;0;0;0;0;0;0;0;0;0;0;0;0;0;0;0;0;0;0;0;0;0;0;0;0;0;0;0;0;0;0;0;0;0;0;0;0;0;0;0;0;0;0;0;0;0;0;0;0;0;0;0;0;0;0;0;51;1
15;Military Actions _ effective;7;20;6;6;77;116;2;2;183;189;27;0;168;135;49;192;2;0;6;0;5;0;4;0;0;0;0;0;0;0;0;0;0;0;0;0;0;0;0;0;0;0;0;0;0;0;0;0;0;0;0;0;0;0;0;0;0;0;0;0;0;0;0;0;0;0;0;0;0;0;0;0;0;0;0;0;0;0;0;0;0;0;0;0;0;0;0;0;0;0;0;0;0;0;0;0;0;0;0;0;0;0;0;0;0;0;0;0;0;0;0;0;1179;17
16;USA not only attacked;2;2;0;0;6;14;0;0;32;30;0;0;44;54;0;0;0;0;0;0;0;0;0;0;0;0;2;0;1;0;0;0;0;0;0;0;0;0;0;0;0;0;0;0;0;0;0;0;0;0;0;0;0;0;0;0;0;0;0;0;0;0;0;0;0;0;0;0;0;0;0;0;0;0;0;0;0;0;0;0;0;0;0;0;0;0;0;0;0;0;0;0;0;0;0;0;0;0;0;0;0;0;0;0;0;0;0;0;0;0;0;0;184;3
17;Wealth not distributed;7;9;0;0;12;2;0;0;3;0;0;0;1;0;0;0;0;0;0;0;0;0;0;0;0;0;0;0;0;0;0;0;0;0;0;0;0;0;0;0;0;0;0;0;0;0;0;0;0;0;0;0;0;0;0;0;0;0;0;0;0;0;0;0;0;0;0;0;0;0;0;0;0;0;0;0;0;0;0;0;0;0;0;0;0;0;0;0;0;0;0;0;0;0;0;0;0;0;0;0;0;0;0;0;0;0;0;0;0;0;0;0;34;0
18;War not only effective;6;4;4;4;25;33;0;0;111;92;13;0;268;102;43;148;3;0;4;0;2;0;4;0;2;0;1;0;1;0;0;0;0;0;0;0;0;0;0;0;0;0;0;0;0;0;0;0;0;0;0;0;0;0;0;0;0;0;0;0;0;0;0;0;0;0;0;0;0;0;0;0;0;0;0;0;0;0;0;0;0;0;0;0;0;0;0;0;0;0;0;0;0;0;0;0;0;0;0;0;0;0;0;0;0;0;0;0;0;0;0;0;853;17
19;USA _ greedy;5;5;0;0;4;1;0;0;2;0;0;0;0;0;0;0;0;0;0;0;0;0;0;0;0;0;0;0;0;0;0;0;0;0;0;0;0;0;0;0;0;0;0;0;0;0;0;0;0;0;0;0;0;0;0;0;0;0;0;0;0;0;0;0;0;0;0;0;0;0;0;0;0;0;0;0;0;0;0;0;0;0;0;0;0;0;0;0;0;0;0;0;0;0;0;0;0;0;0;0;0;0;0;0;0;0;0;0;0;0;0;0;17;0
20;Groundforces not effective;8;14;5;0;59;38;24;0;134;110;0;0;210;150;48;0;1;0;4;0;4;0;6;0;2;0;0;0;0;0;0;0;0;0;0;0;0;0;0;0;0;0;0;0;0;0;0;0;0;0;0;0;0;0;0;0;0;0;0;0;0;0;0;0;0;0;0;0;0;0;0;0;0;0;0;0;0;0;0;0;0;0;0;0;0;0;0;0;0;0;0;0;0;0;0;0;0;0;0;0;0;0;0;0;0;0;0;0;0;0;0;0;800;17
21;Americans not fearful;7;29;23;86;377;888;0;150;1037;1008;0;0;774;865;0;209;0;0;0;0;4;0;0;0;1;0;1;0;2;0;3;0;1;0;0;0;0;0;0;0;0;0;0;0;0;0;0;0;0;0;0;0;0;0;0;0;0;0;0;0;0;0;0;0;0;0;0;0;0;0;0;0;0;0;0;0;0;0;0;0;0;0;0;0;0;0;0;0;0;0;0;0;0;0;0;0;0;0;0;0;0;0;0;0;0;0;0;0;0;0;0;0;5453;12
22;Anthrax _ dangerous;5;5;0;0;4;1;0;0;2;0;0;0;0;0;0;0;0;0;0;0;0;0;0;0;0;0;0;0;0;0;0;0;0;0;0;0;0;0;0;0;0;0;0;0;0;0;0;0;0;0;0;0;0;0;0;0;0;0;0;0;0;0;0;0;0;0;0;0;0;0;0;0;0;0;0;0;0;0;0;0;0;0;0;0;0;0;0;0;0;0;0;0;0;0;0;0;0;0;0;0;0;0;0;0;0;0;0;0;0;0;0;0;17;0
23;Terrorism _ solvable;5;10;0;0;16;9;0;0;19;11;11;11;49;34;0;0;1;0;0;0;0;0;0;0;0;0;0;0;0;0;0;0;0;0;0;0;0;0;0;0;0;0;0;0;0;0;0;0;0;0;0;0;0;0;0;0;0;0;0;0;0;0;0;0;0;0;0;0;0;0;0;0;0;0;0;0;0;0;0;0;0;0;0;0;0;0;0;0;0;0;0;0;0;0;0;0;0;0;0;0;0;0;0;0;0;0;0;0;0;0;0;0;175;1
24;Muslims not reasonable;6;5;11;55;94;64;0;0;79;55;0;16;81;56;0;17;1;0;0;0;0;0;0;0;0;0;0;0;0;0;0;0;0;0;0;0;0;0;0;0;0;0;0;0;0;0;0;0;0;0;0;0;0;0;0;0;0;0;0;0;0;0;0;0;0;0;0;0;0;0;0;0;0;0;0;0;0;0;0;0;0;0;0;0;0;0;0;0;0;0;0;0;0;0;0;0;0;0;0;0;0;0;0;0;0;0;0;0;0;0;0;0;539;1
25;Terrorism _ solvable;5;10;0;0;16;9;0;0;19;11;11;11;49;34;0;0;1;0;0;0;0;0;0;0;0;0;0;0;0;0;0;0;0;0;0;0;0;0;0;0;0;0;0;0;0;0;0;0;0;0;0;0;0;0;0;0;0;0;0;0;0;0;0;0;0;0;0;0;0;0;0;0;0;0;0;0;0;0;0;0;0;0;0;0;0;0;0;0;0;0;0;0;0;0;0;0;0;0;0;0;0;0;0;0;0;0;0;0;0;0;0;0;175;1
26;Terrorists _ desperate;6;31;5;5;80;181;27;131;398;684;26;34;754;1239;2;2;1;0;1;0;0;0;0;0;2;0;0;0;1;0;2;0;0;0;0;0;0;0;0;0;0;0;0;0;0;0;0;0;0;0;0;0;0;0;0;0;0;0;0;0;0;0;0;0;0;0;0;0;0;0;0;0;0;0;0;0;0;0;0;0;0;0;0;0;0;0;0;0;0;0;0;0;0;0;0;0;0;0;0;0;0;0;0;0;0;0;0;0;0;0;0;0;3605;7
27;Economic Situation _ worsening;5;5;0;0;4;1;0;0;2;0;0;0;0;0;0;0;0;0;0;0;0;0;0;0;0;0;0;0;0;0;0;0;0;0;0;0;0;0;0;0;0;0;0;0;0;0;0;0;0;0;0;0;0;0;0;0;0;0;0;0;0;0;0;0;0;0;0;0;0;0;0;0;0;0;0;0;0;0;0;0;0;0;0;0;0;0;0;0;0;0;0;0;0;0;0;0;0;0;0;0;0;0;0;0;0;0;0;0;0;0;0;0;17;0
28;BlackPeople not muslims;7;10;5;20;81;30;0;14;85;21;0;0;55;51;0;17;0;0;0;0;0;0;0;0;0;0;0;0;0;0;0;0;0;0;0;0;0;0;0;0;0;0;0;0;0;0;0;0;0;0;0;0;0;0;0;0;0;0;0;0;0;0;0;0;0;0;0;0;0;0;0;0;0;0;0;0;0;0;0;0;0;0;0;0;0;0;0;0;0;0;0;0;0;0;0;0;0;0;0;0;0;0;0;0;0;0;0;0;0;0;0;0;396;0
29;I _ worried;5;5;10;40;84;45;0;15;69;24;0;0;39;51;0;17;1;0;1;0;0;0;0;0;0;0;0;0;0;0;0;0;0;0;0;0;0;0;0;0;0;0;0;0;0;0;0;0;0;0;0;0;0;0;0;0;0;0;0;0;0;0;0;0;0;0;0;0;0;0;0;0;0;0;0;0;0;0;0;0;0;0;0;0;0;0;0;0;0;0;0;0;0;0;0;0;0;0;0;0;0;0;0;0;0;0;0;0;0;0;0;0;404;2
30;Leadership not just;7;22;5;19;84;32;2;22;76;24;0;1;44;50;0;17;0;0;0;0;0;0;0;0;0;0;0;0;0;0;0;0;0;0;0;0;0;0;0;0;0;0;0;0;0;0;0;0;0;0;0;0;0;0;0;0;0;0;0;0;0;0;0;0;0;0;0;0;0;0;0;0;0;0;0;0;0;0;0;0;0;0;0;0;0;0;0;0;0;0;0;0;0;0;0;0;0;0;0;0;0;0;0;0;0;0;0;0;0;0;0;0;405;0
31;I not threatened;8;31;39;156;462;526;0;113;803;1082;0;0;793;999;0;163;1;0;1;0;1;0;1;0;0;0;1;0;4;0;2;0;1;0;0;0;0;0;0;0;0;0;0;0;0;0;0;0;0;0;0;0;0;0;0;0;0;0;0;0;0;0;0;0;0;0;0;0;0;0;0;0;0;0;0;0;0;0;0;0;0;0;0;0;0;0;0;0;0;0;0;0;0;0;0;0;0;0;0;0;0;0;0;0;0;0;0;0;0;0;0;0;5175;12
32;AmericanSociety _ selfish;5;5;10;0;8;2;0;0;4;0;0;0;0;0;0;0;0;0;0;0;0;0;0;0;0;0;0;0;0;0;0;0;0;0;0;0;0;0;0;0;0;0;0;0;0;0;0;0;0;0;0;0;0;0;0;0;0;0;0;0;0;0;0;0;0;0;0;0;0;0;0;0;0;0;0;0;0;0;0;0;0;0;0;0;0;0;0;0;0;0;0;0;0;0;0;0;0;0;0;0;0;0;0;0;0;0;0;0;0;0;0;0;34;0
33;Bombing _ effective;8;18;16;0;84;70;38;0;129;138;0;0;172;157;50;0;4;0;7;0;4;0;2;0;0;0;0;0;0;0;0;0;0;0;0;0;0;0;0;0;0;0;0;0;0;0;0;0;0;0;0;0;0;0;0;0;0;0;0;0;0;0;0;0;0;0;0;0;0;0;0;0;0;0;0;0;0;0;0;0;0;0;0;0;0;0;0;0;0;0;0;0;0;0;0;0;0;0;0;0;0;0;0;0;0;0;0;0;0;0;0;0;880;17
34;European more rational;3;1;1;3;11;4;0;2;9;2;0;0;4;6;0;2;0;0;0;0;0;0;0;0;0;0;0;0;0;0;0;0;0;0;0;0;0;0;0;0;0;0;0;0;0;0;0;0;0;0;0;0;0;0;0;0;0;0;0;0;0;0;0;0;0;0;0;0;0;0;0;0;0;0;0;0;0;0;0;0;0;0;0;0;0;0;0;0;0;0;0;0;0;0;0;0;0;0;0;0;0;0;0;0;0;0;0;0;0;0;0;0;48;0
35;USA not liked;6;5;0;0;4;1;0;0;1;0;0;0;0;0;0;0;0;0;0;0;0;0;0;0;0;0;0;0;0;0;0;0;0;0;0;0;0;0;0;0;0;0;0;0;0;0;0;0;0;0;0;0;0;0;0;0;0;0;0;0;0;0;0;0;0;0;0;0;0;0;0;0;0;0;0;0;0;0;0;0;0;0;0;0;0;0;0;0;0;0;0;0;0;0;0;0;0;0;0;0;0;0;0;0;0;0;0;0;0;0;0;0;17;0
36;War not effective;10;29;17;17;126;136;0;0;221;165;43;0;149;67;51;204;8;0;5;0;3;0;1;0;0;0;0;0;0;0;0;0;0;0;0;0;0;0;0;0;0;0;0;0;0;0;0;0;0;0;0;0;0;0;0;0;0;0;0;0;0;0;0;0;0;0;0;0;0;0;0;0;0;0;0;0;0;0;0;0;0;0;0;0;0;0;0;0;0;0;0;0;0;0;0;0;0;0;0;0;0;0;0;0;0;0;0;0;0;0;0;0;1235;17
37;Diplomacy not effective;9;18;5;5;86;67;0;0;199;126;28;0;209;119;48;192;4;0;5;0;5;0;1;0;2;0;0;0;0;0;0;0;0;0;0;0;0;0;0;0;0;0;0;0;0;0;0;0;0;0;0;0;0;0;0;0;0;0;0;0;0;0;0;0;0;0;0;0;0;0;0;0;0;0;0;0;0;0;0;0;0;0;0;0;0;0;0;0;0;0;0;0;0;0;0;0;0;0;0;0;0;0;0;0;0;0;0;0;0;0;0;0;1111;17
38;Casualties hopefully accidental;3;12;0;0;26;63;3;3;112;222;22;90;540;852;3;7;0;0;0;0;0;0;0;0;0;0;0;0;0;0;0;0;2;0;0;0;0;0;0;0;0;0;0;0;0;0;0;0;0;0;0;0;0;0;0;0;0;0;0;0;0;0;0;0;0;0;0;0;0;0;0;0;0;0;0;0;0;0;0;0;0;0;0;0;0;0;0;0;0;0;0;0;0;0;0;0;0;0;0;0;0;0;0;0;0;0;0;0;0;0;0;0;1958;2
39;Violence must used;3;10;0;7;47;61;7;14;89;40;15;52;133;61;0;0;1;0;0;0;0;0;0;0;0;0;0;0;0;0;0;0;0;0;0;0;0;0;0;0;0;0;0;0;0;0;0;0;0;0;0;0;0;0;0;0;0;0;0;0;0;0;0;0;0;0;0;0;0;0;0;0;0;0;0;0;0;0;0;0;0;0;0;0;0;0;0;0;0;0;0;0;0;0;0;0;0;0;0;0;0;0;0;0;0;0;0;0;0;0;0;0;539;1
40;War _ revenging;9;30;18;18;158;281;0;0;552;778;78;0;871;809;155;524;0;0;0;0;0;0;0;0;3;0;1;0;0;0;1;0;3;0;0;0;0;0;0;0;0;0;0;0;0;0;0;0;0;0;0;0;0;0;0;0;0;0;0;0;0;0;0;0;0;0;0;0;0;0;0;0;0;0;0;0;0;0;0;0;0;0;0;0;0;0;0;0;0;0;0;0;0;0;0;0;0;0;0;0;0;0;0;0;0;0;0;0;0;0;0;0;4281;8
41;War only effective;7;9;9;9;85;78;0;0;223;141;36;0;222;79;48;192;7;0;1;0;5;0;2;0;1;0;1;0;0;0;0;0;0;0;0;0;0;0;0;0;0;0;0;0;0;0;0;0;0;0;0;0;0;0;0;0;0;0;0;0;0;0;0;0;0;0;0;0;0;0;0;0;0;0;0;0;0;0;0;0;0;0;0;0;0;0;0;0;0;0;0;0;0;0;0;0;0;0;0;0;0;0;0;0;0;0;0;0;0;0;0;0;1138;17
42;Military Actions never effective;8;14;7;7;79;107;3;3;178;193;23;0;160;141;47;172;1;0;2;0;7;0;6;0;1;0;0;0;0;0;0;0;0;0;0;0;0;0;0;0;0;0;0;0;0;0;0;0;0;0;0;0;0;0;0;0;0;0;0;0;0;0;0;0;0;0;0;0;0;0;0;0;0;0;0;0;0;0;0;0;0;0;0;0;0;0;0;0;0;0;0;0;0;0;0;0;0;0;0;0;0;0;0;0;0;0;0;0;0;0;0;0;1142;17
43;War not effective;10;29;17;17;126;136;0;0;221;165;43;0;149;67;51;204;8;0;5;0;3;0;1;0;0;0;0;0;0;0;0;0;0;0;0;0;0;0;0;0;0;0;0;0;0;0;0;0;0;0;0;0;0;0;0;0;0;0;0;0;0;0;0;0;0;0;0;0;0;0;0;0;0;0;0;0;0;0;0;0;0;0;0;0;0;0;0;0;0;0;0;0;0;0;0;0;0;0;0;0;0;0;0;0;0;0;0;0;0;0;0;0;1235;17
44;Terrorists _ desperate;6;31;5;5;80;181;27;131;398;684;26;34;754;1239;2;2;1;0;1;0;0;0;0;0;2;0;0;0;1;0;2;0;0;0;0;0;0;0;0;0;0;0;0;0;0;0;0;0;0;0;0;0;0;0;0;0;0;0;0;0;0;0;0;0;0;0;0;0;0;0;0;0;0;0;0;0;0;0;0;0;0;0;0;0;0;0;0;0;0;0;0;0;0;0;0;0;0;0;0;0;0;0;0;0;0;0;0;0;0;0;0;0;3605;7
45;USA not secure;7;13;0;0;38;40;0;0;46;42;0;0;26;21;0;0;2;0;0;0;0;0;0;0;0;0;1;0;0;0;0;0;0;0;0;0;0;0;0;0;0;0;0;0;0;0;0;0;0;0;0;0;0;0;0;0;0;0;0;0;0;0;0;0;0;0;0;0;0;0;0;0;0;0;0;0;0;0;0;0;0;0;0;0;0;0;0;0;0;0;0;0;0;0;0;0;0;0;0;0;0;0;0;0;0;0;0;0;0;0;0;0;233;3
46;CurrentWorld must changed;3;4;7;0;12;2;0;0;4;0;0;0;2;0;0;0;0;0;0;0;1;0;0;0;0;0;0;0;0;0;0;0;0;0;0;0;0;0;0;0;0;0;0;0;0;0;0;0;0;0;0;0;0;0;0;0;0;0;0;0;0;0;0;0;0;0;0;0;0;0;0;0;0;0;0;0;0;0;0;0;0;0;0;0;0;0;0;0;0;0;0;0;0;0;0;0;0;0;0;0;0;0;0;0;0;0;0;0;0;0;0;0;34;1
47;Fundamentalists _ many;6;16;16;0;45;80;38;169;436;336;0;45;399;136;0;2;0;0;1;0;0;0;0;0;1;0;0;0;0;0;0;0;0;0;0;0;0;0;0;0;0;0;0;0;0;0;0;0;0;0;0;0;0;0;0;0;0;0;0;0;0;0;0;0;0;0;0;0;0;0;0;0;0;0;0;0;0;0;0;0;0;0;0;0;0;0;0;0;0;0;0;0;0;0;0;0;0;0;0;0;0;0;0;0;0;0;0;0;0;0;0;0;1724;2
48;War possibly worsening;4;9;3;3;14;27;0;0;61;58;7;0;69;33;16;52;0;0;0;0;0;0;0;0;0;0;0;0;0;0;1;0;1;0;0;0;0;0;0;0;0;0;0;0;0;0;0;0;0;0;0;0;0;0;0;0;0;0;0;0;0;0;0;0;0;0;0;0;0;0;0;0;0;0;0;0;0;0;0;0;0;0;0;0;0;0;0;0;0;0;0;0;0;0;0;0;0;0;0;0;0;0;0;0;0;0;0;0;0;0;0;0;356;2
49;Muslims not educated;6;5;11;55;94;64;0;0;79;55;0;16;81;56;0;17;0;0;0;0;0;0;0;0;0;0;0;0;0;0;0;0;0;0;0;0;0;0;0;0;0;0;0;0;0;0;0;0;0;0;0;0;0;0;0;0;0;0;0;0;0;0;0;0;0;0;0;0;0;0;0;0;0;0;0;0;0;0;0;0;0;0;0;0;0;0;0;0;0;0;0;0;0;0;0;0;0;0;0;0;0;0;0;0;0;0;0;0;0;0;0;0;539;0
50;Refugees _ helped;5;5;0;0;4;1;0;0;2;0;0;0;0;0;0;0;0;0;0;0;0;0;0;0;0;0;0;0;0;0;0;0;0;0;0;0;0;0;0;0;0;0;0;0;0;0;0;0;0;0;0;0;0;0;0;0;0;0;0;0;0;0;0;0;0;0;0;0;0;0;0;0;0;0;0;0;0;0;0;0;0;0;0;0;0;0;0;0;0;0;0;0;0;0;0;0;0;0;0;0;0;0;0;0;0;0;0;0;0;0;0;0;17;0
51;ForeignMedia only objective;4;5;0;0;16;6;1;3;37;25;0;7;90;35;0;0;0;0;0;0;0;0;0;0;0;0;0;0;0;0;0;0;0;0;0;0;0;0;0;0;0;0;0;0;0;0;0;0;0;0;0;0;0;0;0;0;0;0;0;0;0;0;0;0;0;0;0;0;0;0;0;0;0;0;0;0;0;0;0;0;0;0;0;0;0;0;0;0;0;0;0;0;0;0;0;0;0;0;0;0;0;0;0;0;0;0;0;0;0;0;0;0;229;0
52;Distruction _ worsening;5;10;0;0;11;16;0;0;19;40;12;12;66;46;17;81;0;0;0;0;0;0;0;0;0;0;0;0;1;0;1;0;0;0;0;0;0;0;0;0;0;0;0;0;0;0;0;0;0;0;0;0;0;0;0;0;0;0;0;0;0;0;0;0;0;0;0;0;0;0;0;0;0;0;0;0;0;0;0;0;0;0;0;0;0;0;0;0;0;0;0;0;0;0;0;0;0;0;0;0;0;0;0;0;0;0;0;0;0;0;0;0;335;2
53;AmericanMedia _ censured;6;14;0;0;22;15;10;35;83;33;0;15;52;22;0;0;0;0;0;0;0;0;1;0;0;0;0;0;0;0;0;0;0;0;0;0;0;0;0;0;0;0;0;0;0;0;0;0;0;0;0;0;0;0;0;0;0;0;0;0;0;0;0;0;0;0;0;0;0;0;0;0;0;0;0;0;0;0;0;0;0;0;0;0;0;0;0;0;0;0;0;0;0;0;0;0;0;0;0;0;0;0;0;0;0;0;0;0;0;0;0;0;307;1
54;Arabs _ hated;5;5;0;0;4;1;0;0;2;0;0;0;0;0;0;0;0;0;0;0;0;0;0;0;0;0;0;0;0;0;0;0;0;0;0;0;0;0;0;0;0;0;0;0;0;0;0;0;0;0;0;0;0;0;0;0;0;0;0;0;0;0;0;0;0;0;0;0;0;0;0;0;0;0;0;0;0;0;0;0;0;0;0;0;0;0;0;0;0;0;0;0;0;0;0;0;0;0;0;0;0;0;0;0;0;0;0;0;0;0;0;0;17;0
55;Religion _ guilty;5;5;0;0;4;1;0;0;2;0;0;0;0;0;0;0;0;0;0;0;0;0;0;0;0;0;0;0;0;0;0;0;0;0;0;0;0;0;0;0;0;0;0;0;0;0;0;0;0;0;0;0;0;0;0;0;0;0;0;0;0;0;0;0;0;0;0;0;0;0;0;0;0;0;0;0;0;0;0;0;0;0;0;0;0;0;0;0;0;0;0;0;0;0;0;0;0;0;0;0;0;0;0;0;0;0;0;0;0;0;0;0;17;0
56;Targets not present;6;5;0;0;4;1;0;0;1;0;0;0;0;0;0;0;0;0;0;0;0;0;0;0;0;0;0;0;0;0;0;0;0;0;0;0;0;0;0;0;0;0;0;0;0;0;0;0;0;0;0;0;0;0;0;0;0;0;0;0;0;0;0;0;0;0;0;0;0;0;0;0;0;0;0;0;0;0;0;0;0;0;0;0;0;0;0;0;0;0;0;0;0;0;0;0;0;0;0;0;0;0;0;0;0;0;0;0;0;0;0;0;17;0
57;Anthrax too much scaring;2;0;0;0;0;0;0;0;0;0;0;0;0;0;0;0;0;0;0;0;0;0;0;0;0;0;0;0;0;0;0;0;0;0;0;0;0;0;0;0;0;0;0;0;0;0;0;0;0;0;0;0;0;0;0;0;0;0;0;0;0;0;0;0;0;0;0;0;0;0;0;0;0;0;0;0;0;0;0;0;0;0;0;0;0;0;0;0;0;0;0;0;0;0;0;0;0;0;0;0;0;0;0;0;0;0;0;0;0;0;0;0;2;0
58;Values _ necessary;5;5;0;0;4;1;0;0;2;0;0;0;0;0;0;0;0;0;0;0;0;0;0;0;0;0;0;0;0;0;0;0;0;0;0;0;0;0;0;0;0;0;0;0;0;0;0;0;0;0;0;0;0;0;0;0;0;0;0;0;0;0;0;0;0;0;0;0;0;0;0;0;0;0;0;0;0;0;0;0;0;0;0;0;0;0;0;0;0;0;0;0;0;0;0;0;0;0;0;0;0;0;0;0;0;0;0;0;0;0;0;0;17;0
59;DailyLife partially changed;1;0;0;0;0;0;0;0;0;0;0;0;0;0;0;0;0;0;0;0;0;0;0;0;0;0;0;0;0;0;0;0;0;0;0;0;0;0;0;0;0;0;0;0;0;0;0;0;0;0;0;0;0;0;0;0;0;0;0;0;0;0;0;0;0;0;0;0;0;0;0;0;0;0;0;0;0;0;0;0;0;0;0;0;0;0;0;0;0;0;0;0;0;0;0;0;0;0;0;0;0;0;0;0;0;0;0;0;0;0;0;0;1;0
60;USA not secure;7;13;0;0;38;40;0;0;46;42;0;0;26;21;0;0;2;0;0;0;0;0;0;0;0;0;1;0;0;0;0;0;0;0;0;0;0;0;0;0;0;0;0;0;0;0;0;0;0;0;0;0;0;0;0;0;0;0;0;0;0;0;0;0;0;0;0;0;0;0;0;0;0;0;0;0;0;0;0;0;0;0;0;0;0;0;0;0;0;0;0;0;0;0;0;0;0;0;0;0;0;0;0;0;0;0;0;0;0;0;0;0;233;3
61;Peace _ possible;7;15;5;5;51;42;0;0;72;52;15;0;47;20;17;68;0;0;0;0;0;0;0;0;0;0;0;0;0;0;0;0;0;0;0;0;0;0;0;0;0;0;0;0;0;0;0;0;0;0;0;0;0;0;0;0;0;0;0;0;0;0;0;0;0;0;0;0;0;0;0;0;0;0;0;0;0;0;0;0;0;0;0;0;0;0;0;0;0;0;0;0;0;0;0;0;0;0;0;0;0;0;0;0;0;0;0;0;0;0;0;0;416;0
62;Society possibly meaningless;1;2;0;3;2;4;0;0;12;4;0;0;4;0;0;0;0;0;0;0;0;0;0;0;0;0;0;0;0;0;0;0;0;0;0;0;0;0;0;0;0;0;0;0;0;0;0;0;0;0;0;0;0;0;0;0;0;0;0;0;0;0;0;0;0;0;0;0;0;0;0;0;0;0;0;0;0;0;0;0;0;0;0;0;0;0;0;0;0;0;0;0;0;0;0;0;0;0;0;0;0;0;0;0;0;0;0;0;0;0;0;0;32;0
63;Economic Situation _ responsible;5;5;0;0;4;1;0;0;2;0;0;0;0;0;0;0;0;0;0;0;0;0;0;0;0;0;0;0;0;0;0;0;0;0;0;0;0;0;0;0;0;0;0;0;0;0;0;0;0;0;0;0;0;0;0;0;0;0;0;0;0;0;0;0;0;0;0;0;0;0;0;0;0;0;0;0;0;0;0;0;0;0;0;0;0;0;0;0;0;0;0;0;0;0;0;0;0;0;0;0;0;0;0;0;0;0;0;0;0;0;0;0;17;0
64;Economic Aid _ effective;8;19;5;0;69;73;0;0;180;140;26;0;211;128;48;192;2;0;7;0;5;0;3;0;0;0;0;0;0;0;0;0;0;0;0;0;0;0;0;0;0;0;0;0;0;0;0;0;0;0;0;0;0;0;0;0;0;0;0;0;0;0;0;0;0;0;0;0;0;0;0;0;0;0;0;0;0;0;0;0;0;0;0;0;0;0;0;0;0;0;0;0;0;0;0;0;0;0;0;0;0;0;0;0;0;0;0;0;0;0;0;0;1099;17
65;People _ attentive;7;33;0;200;534;512;0;121;938;871;0;0;708;1050;0;182;0;0;1;0;2;0;5;0;0;0;0;0;1;0;1;0;1;0;0;0;0;0;0;0;0;0;0;0;0;0;0;0;0;0;0;0;0;0;0;0;0;0;0;0;0;0;0;0;0;0;0;0;0;0;0;0;0;0;0;0;0;0;0;0;0;0;0;0;0;0;0;0;0;0;0;0;0;0;0;0;0;0;0;0;0;0;0;0;0;0;0;0;0;0;0;0;5156;11
66;Poverty _ responsible;6;9;0;0;10;2;0;0;6;0;0;0;1;0;0;0;1;0;0;0;0;0;0;0;0;0;0;0;0;0;0;0;0;0;0;0;0;0;0;0;0;0;0;0;0;0;0;0;0;0;0;0;0;0;0;0;0;0;0;0;0;0;0;0;0;0;0;0;0;0;0;0;0;0;0;0;0;0;0;0;0;0;0;0;0;0;0;0;0;0;0;0;0;0;0;0;0;0;0;0;0;0;0;0;0;0;0;0;0;0;0;0;34;1
67;Terrorists must eliminated;4;15;3;3;45;67;13;57;176;86;0;0;104;12;0;0;0;0;0;0;0;0;0;0;0;0;0;0;0;0;0;0;0;0;0;0;0;0;0;0;0;0;0;0;0;0;0;0;0;0;0;0;0;0;0;0;0;0;0;0;0;0;0;0;0;0;0;0;0;0;0;0;0;0;0;0;0;0;0;0;0;0;0;0;0;0;0;0;0;0;0;0;0;0;0;0;0;0;0;0;0;0;0;0;0;0;0;0;0;0;0;0;585;0
68;Groundforces _ necessary;6;9;5;0;31;17;12;0;40;43;0;0;57;53;16;0;0;0;1;0;0;0;0;0;1;0;1;0;0;0;0;0;0;0;0;0;0;0;0;0;0;0;0;0;0;0;0;0;0;0;0;0;0;0;0;0;0;0;0;0;0;0;0;0;0;0;0;0;0;0;0;0;0;0;0;0;0;0;0;0;0;0;0;0;0;0;0;0;0;0;0;0;0;0;0;0;0;0;0;0;0;0;0;0;0;0;0;0;0;0;0;0;289;3
69;Muslims _ reasonable;5;5;10;50;88;60;0;0;85;55;0;16;90;56;0;17;1;0;0;0;0;0;0;0;0;0;0;0;0;0;0;0;0;0;0;0;0;0;0;0;0;0;0;0;0;0;0;0;0;0;0;0;0;0;0;0;0;0;0;0;0;0;0;0;0;0;0;0;0;0;0;0;0;0;0;0;0;0;0;0;0;0;0;0;0;0;0;0;0;0;0;0;0;0;0;0;0;0;0;0;0;0;0;0;0;0;0;0;0;0;0;0;537;1
70;Society hopefully open;3;9;0;12;36;56;0;0;92;78;0;0;86;52;0;0;0;0;1;0;0;0;0;0;0;0;0;0;0;0;0;0;0;0;0;0;0;0;0;0;0;0;0;0;0;0;0;0;0;0;0;0;0;0;0;0;0;0;0;0;0;0;0;0;0;0;0;0;0;0;0;0;0;0;0;0;0;0;0;0;0;0;0;0;0;0;0;0;0;0;0;0;0;0;0;0;0;0;0;0;0;0;0;0;0;0;0;0;0;0;0;0;424;1
71;UrbanCenters _ dangerous;5;5;0;0;4;1;0;0;2;0;0;0;0;0;0;0;1;0;0;0;0;0;0;0;0;0;0;0;0;0;0;0;0;0;0;0;0;0;0;0;0;0;0;0;0;0;0;0;0;0;0;0;0;0;0;0;0;0;0;0;0;0;0;0;0;0;0;0;0;0;0;0;0;0;0;0;0;0;0;0;0;0;0;0;0;0;0;0;0;0;0;0;0;0;0;0;0;0;0;0;0;0;0;0;0;0;0;0;0;0;0;0;17;1
72;Violence not necessary;6;17;0;11;65;66;12;16;84;37;17;68;123;54;0;0;0;0;1;0;0;0;2;0;0;0;0;0;0;0;0;0;0;0;0;0;0;0;0;0;0;0;0;0;0;0;0;0;0;0;0;0;0;0;0;0;0;0;0;0;0;0;0;0;0;0;0;0;0;0;0;0;0;0;0;0;0;0;0;0;0;0;0;0;0;0;0;0;0;0;0;0;0;0;0;0;0;0;0;0;0;0;0;0;0;0;0;0;0;0;0;0;576;3
73;Bombing _ useless;7;20;15;0;84;83;40;0;128;131;0;0;173;155;51;0;1;0;1;0;3;0;5;0;4;0;3;0;0;0;0;0;0;0;0;0;0;0;0;0;0;0;0;0;0;0;0;0;0;0;0;0;0;0;0;0;0;0;0;0;0;0;0;0;0;0;0;0;0;0;0;0;0;0;0;0;0;0;0;0;0;0;0;0;0;0;0;0;0;0;0;0;0;0;0;0;0;0;0;0;0;0;0;0;0;0;0;0;0;0;0;0;887;17
74;AmericanMedia _ controlling;7;25;0;0;61;133;20;74;362;578;0;98;620;652;0;0;0;0;1;0;0;0;2;0;0;0;2;0;2;0;1;0;0;0;0;0;0;0;0;0;0;0;0;0;0;0;0;0;0;0;0;0;0;0;0;0;0;0;0;0;0;0;0;0;0;0;0;0;0;0;0;0;0;0;0;0;0;0;0;0;0;0;0;0;0;0;0;0;0;0;0;0;0;0;0;0;0;0;0;0;0;0;0;0;0;0;0;0;0;0;0;0;2630;8
75;UrbanCenters _ dangerous;5;5;0;0;4;1;0;0;2;0;0;0;0;0;0;0;1;0;0;0;0;0;0;0;0;0;0;0;0;0;0;0;0;0;0;0;0;0;0;0;0;0;0;0;0;0;0;0;0;0;0;0;0;0;0;0;0;0;0;0;0;0;0;0;0;0;0;0;0;0;0;0;0;0;0;0;0;0;0;0;0;0;0;0;0;0;0;0;0;0;0;0;0;0;0;0;0;0;0;0;0;0;0;0;0;0;0;0;0;0;0;0;17;1
76;DailyLife _ normal;6;9;0;0;15;3;0;0;12;1;0;0;4;0;0;0;0;0;0;0;0;0;0;0;0;0;0;0;0;0;0;0;0;0;0;0;0;0;0;0;0;0;0;0;0;0;0;0;0;0;0;0;0;0;0;0;0;0;0;0;0;0;0;0;0;0;0;0;0;0;0;0;0;0;0;0;0;0;0;0;0;0;0;0;0;0;0;0;0;0;0;0;0;0;0;0;0;0;0;0;0;0;0;0;0;0;0;0;0;0;0;0;50;0
77;CurrentWorld hopefully changed;2;3;5;0;14;4;0;0;4;0;0;0;2;0;0;0;0;0;0;0;1;0;0;0;0;0;0;0;0;0;0;0;0;0;0;0;0;0;0;0;0;0;0;0;0;0;0;0;0;0;0;0;0;0;0;0;0;0;0;0;0;0;0;0;0;0;0;0;0;0;0;0;0;0;0;0;0;0;0;0;0;0;0;0;0;0;0;0;0;0;0;0;0;0;0;0;0;0;0;0;0;0;0;0;0;0;0;0;0;0;0;0;34;1
78;Anthrax _ scaring;5;5;0;0;4;1;0;0;2;0;0;0;0;0;0;0;0;0;0;0;0;0;0;0;0;0;0;0;0;0;0;0;0;0;0;0;0;0;0;0;0;0;0;0;0;0;0;0;0;0;0;0;0;0;0;0;0;0;0;0;0;0;0;0;0;0;0;0;0;0;0;0;0;0;0;0;0;0;0;0;0;0;0;0;0;0;0;0;0;0;0;0;0;0;0;0;0;0;0;0;0;0;0;0;0;0;0;0;0;0;0;0;17;0
79;Violence must not used;4;11;0;7;47;60;8;13;91;47;17;56;133;50;1;4;1;0;0;0;0;0;0;0;0;0;0;0;0;0;0;0;0;0;0;0;0;0;0;0;0;0;0;0;0;0;0;0;0;0;0;0;0;0;0;0;0;0;0;0;0;0;0;0;0;0;0;0;0;0;0;0;0;0;0;0;0;0;0;0;0;0;0;0;0;0;0;0;0;0;0;0;0;0;0;0;0;0;0;0;0;0;0;0;0;0;0;0;0;0;0;0;549;1
80;Wealth _ attacked;6;15;0;0;33;63;0;0;55;68;0;0;78;105;0;0;0;0;0;0;0;0;0;0;0;0;0;0;0;0;0;0;0;0;0;0;0;0;0;0;0;0;0;0;0;0;0;0;0;0;0;0;0;0;0;0;0;0;0;0;0;0;0;0;0;0;0;0;0;0;0;0;0;0;0;0;0;0;0;0;0;0;0;0;0;0;0;0;0;0;0;0;0;0;0;0;0;0;0;0;0;0;0;0;0;0;0;0;0;0;0;0;423;0
81;War not effective;10;29;17;17;126;136;0;0;221;165;43;0;149;67;51;204;8;0;5;0;3;0;1;0;0;0;0;0;0;0;0;0;0;0;0;0;0;0;0;0;0;0;0;0;0;0;0;0;0;0;0;0;0;0;0;0;0;0;0;0;0;0;0;0;0;0;0;0;0;0;0;0;0;0;0;0;0;0;0;0;0;0;0;0;0;0;0;0;0;0;0;0;0;0;0;0;0;0;0;0;0;0;0;0;0;0;0;0;0;0;0;0;1235;17
82;Peace not onsale;8;15;5;5;61;45;0;0;70;49;15;0;38;20;17;68;0;0;0;0;0;0;0;0;0;0;0;0;0;0;0;0;0;0;0;0;0;0;0;0;0;0;0;0;0;0;0;0;0;0;0;0;0;0;0;0;0;0;0;0;0;0;0;0;0;0;0;0;0;0;0;0;0;0;0;0;0;0;0;0;0;0;0;0;0;0;0;0;0;0;0;0;0;0;0;0;0;0;0;0;0;0;0;0;0;0;0;0;0;0;0;0;416;0
83;Americans same attentive;5;16;12;44;92;64;0;18;107;96;0;0;38;120;0;22;0;0;0;0;0;0;0;0;0;0;0;0;0;0;0;0;0;0;0;0;0;0;0;0;0;0;0;0;0;0;0;0;0;0;0;0;0;0;0;0;0;0;0;0;0;0;0;0;0;0;0;0;0;0;0;0;0;0;0;0;0;0;0;0;0;0;0;0;0;0;0;0;0;0;0;0;0;0;0;0;0;0;0;0;0;0;0;0;0;0;0;0;0;0;0;0;634;0
84;Bombing not effective;9;18;17;0;96;72;43;0;126;131;0;0;169;155;50;0;6;0;4;0;7;0;0;0;0;0;0;0;0;0;0;0;0;0;0;0;0;0;0;0;0;0;0;0;0;0;0;0;0;0;0;0;0;0;0;0;0;0;0;0;0;0;0;0;0;0;0;0;0;0;0;0;0;0;0;0;0;0;0;0;0;0;0;0;0;0;0;0;0;0;0;0;0;0;0;0;0;0;0;0;0;0;0;0;0;0;0;0;0;0;0;0;886;17
85;Politicians not caring;7;29;6;23;160;382;0;55;629;748;0;0;825;1147;0;123;0;0;0;0;0;0;1;0;3;0;4;0;0;0;0;0;0;0;0;0;0;0;0;0;0;0;0;0;0;0;0;0;0;0;0;0;0;0;0;0;0;0;0;0;0;0;0;0;0;0;0;0;0;0;0;0;0;0;0;0;0;0;0;0;0;0;0;0;0;0;0;0;0;0;0;0;0;0;0;0;0;0;0;0;0;0;0;0;0;0;0;0;0;0;0;0;4134;8
86;CurrentWorld _ attacked;5;10;15;0;42;76;0;0;40;68;0;0;72;104;0;0;1;0;2;0;0;0;0;0;0;0;0;0;0;0;0;0;0;0;0;0;0;0;0;0;0;0;0;0;0;0;0;0;0;0;0;0;0;0;0;0;0;0;0;0;0;0;0;0;0;0;0;0;0;0;0;0;0;0;0;0;0;0;0;0;0;0;0;0;0;0;0;0;0;0;0;0;0;0;0;0;0;0;0;0;0;0;0;0;0;0;0;0;0;0;0;0;432;3
87;USA must secure;4;9;0;0;22;27;0;0;52;40;0;0;44;22;0;0;2;0;0;0;0;0;0;0;0;0;0;0;1;0;0;0;0;0;0;0;0;0;0;0;0;0;0;0;0;0;0;0;0;0;0;0;0;0;0;0;0;0;0;0;0;0;0;0;0;0;0;0;0;0;0;0;0;0;0;0;0;0;0;0;0;0;0;0;0;0;0;0;0;0;0;0;0;0;0;0;0;0;0;0;0;0;0;0;0;0;0;0;0;0;0;0;220;3
88;Bombing _ waste;8;24;20;0;104;77;42;0;120;138;0;0;156;156;51;0;2;0;2;0;2;0;5;0;4;0;2;0;0;0;0;0;0;0;0;0;0;0;0;0;0;0;0;0;0;0;0;0;0;0;0;0;0;0;0;0;0;0;0;0;0;0;0;0;0;0;0;0;0;0;0;0;0;0;0;0;0;0;0;0;0;0;0;0;0;0;0;0;0;0;0;0;0;0;0;0;0;0;0;0;0;0;0;0;0;0;0;0;0;0;0;0;896;17
89;NormalPeople _ controlled;10;33;10;30;82;40;0;15;61;23;0;0;34;51;0;17;0;0;0;0;1;0;0;0;0;0;0;0;0;0;0;0;0;0;0;0;0;0;0;0;0;0;0;0;0;0;0;0;0;0;0;0;0;0;0;0;0;0;0;0;0;0;0;0;0;0;0;0;0;0;0;0;0;0;0;0;0;0;0;0;0;0;0;0;0;0;0;0;0;0;0;0;0;0;0;0;0;0;0;0;0;0;0;0;0;0;0;0;0;0;0;0;406;1
90;I _ worried;5;5;10;40;84;45;0;15;69;24;0;0;39;51;0;17;1;0;1;0;0;0;0;0;0;0;0;0;0;0;0;0;0;0;0;0;0;0;0;0;0;0;0;0;0;0;0;0;0;0;0;0;0;0;0;0;0;0;0;0;0;0;0;0;0;0;0;0;0;0;0;0;0;0;0;0;0;0;0;0;0;0;0;0;0;0;0;0;0;0;0;0;0;0;0;0;0;0;0;0;0;0;0;0;0;0;0;0;0;0;0;0;404;2
91;Leadership _ selfish;6;20;5;19;74;35;2;20;71;35;0;1;42;53;0;16;0;0;0;0;0;0;0;0;0;0;0;0;0;0;0;0;0;0;0;0;0;0;0;0;0;0;0;0;0;0;0;0;0;0;0;0;0;0;0;0;0;0;0;0;0;0;0;0;0;0;0;0;0;0;0;0;0;0;0;0;0;0;0;0;0;0;0;0;0;0;0;0;0;0;0;0;0;0;0;0;0;0;0;0;0;0;0;0;0;0;0;0;0;0;0;0;399;0
92;War only effective;7;9;9;9;85;78;0;0;223;141;36;0;222;79;48;192;7;0;1;0;5;0;2;0;1;0;1;0;0;0;0;0;0;0;0;0;0;0;0;0;0;0;0;0;0;0;0;0;0;0;0;0;0;0;0;0;0;0;0;0;0;0;0;0;0;0;0;0;0;0;0;0;0;0;0;0;0;0;0;0;0;0;0;0;0;0;0;0;0;0;0;0;0;0;0;0;0;0;0;0;0;0;0;0;0;0;0;0;0;0;0;0;1138;17
93;NormalPeople _ overwhelmed;10;33;10;30;82;40;0;15;61;23;0;0;34;51;0;17;0;0;0;0;0;0;0;0;0;0;0;0;0;0;0;0;0;0;0;0;0;0;0;0;0;0;0;0;0;0;0;0;0;0;0;0;0;0;0;0;0;0;0;0;0;0;0;0;0;0;0;0;0;0;0;0;0;0;0;0;0;0;0;0;0;0;0;0;0;0;0;0;0;0;0;0;0;0;0;0;0;0;0;0;0;0;0;0;0;0;0;0;0;0;0;0;406;0
94;Casualties _ limited;5;20;0;0;35;74;5;5;105;170;32;136;465;269;3;11;0;0;0;0;0;0;0;0;1;0;1;0;0;0;0;0;0;0;0;0;0;0;0;0;0;0;0;0;0;0;0;0;0;0;0;0;0;0;0;0;0;0;0;0;0;0;0;0;0;0;0;0;0;0;0;0;0;0;0;0;0;0;0;0;0;0;0;0;0;0;0;0;0;0;0;0;0;0;0;0;0;0;0;0;0;0;0;0;0;0;0;0;0;0;0;0;1335;2
95;Foreign Policy _ effective;6;10;0;0;14;8;0;0;10;1;0;0;2;0;0;0;1;0;0;0;0;0;0;0;0;0;0;0;0;0;0;0;0;0;0;0;0;0;0;0;0;0;0;0;0;0;0;0;0;0;0;0;0;0;0;0;0;0;0;0;0;0;0;0;0;0;0;0;0;0;0;0;0;0;0;0;0;0;0;0;0;0;0;0;0;0;0;0;0;0;0;0;0;0;0;0;0;0;0;0;0;0;0;0;0;0;0;0;0;0;0;0;51;1
96;Society once open;3;7;0;10;32;38;0;0;102;76;0;0;98;56;0;0;0;0;1;0;0;0;0;0;0;0;0;0;0;0;0;0;0;0;0;0;0;0;0;0;0;0;0;0;0;0;0;0;0;0;0;0;0;0;0;0;0;0;0;0;0;0;0;0;0;0;0;0;0;0;0;0;0;0;0;0;0;0;0;0;0;0;0;0;0;0;0;0;0;0;0;0;0;0;0;0;0;0;0;0;0;0;0;0;0;0;0;0;0;0;0;0;422;1
97;Casualties _ necessary;5;15;0;0;23;27;5;5;66;57;15;71;170;61;1;5;0;0;0;0;0;0;2;0;0;0;1;0;0;0;0;0;0;0;0;0;0;0;0;0;0;0;0;0;0;0;0;0;0;0;0;0;0;0;0;0;0;0;0;0;0;0;0;0;0;0;0;0;0;0;0;0;0;0;0;0;0;0;0;0;0;0;0;0;0;0;0;0;0;0;0;0;0;0;0;0;0;0;0;0;0;0;0;0;0;0;0;0;0;0;0;0;526;3
98;People _ threatened;7;28;0;175;432;513;0;108;820;1065;0;0;831;997;0;164;0;0;2;0;2;0;0;0;3;0;4;0;1;0;0;0;0;0;0;0;0;0;0;0;0;0;0;0;0;0;0;0;0;0;0;0;0;0;0;0;0;0;0;0;0;0;0;0;0;0;0;0;0;0;0;0;0;0;0;0;0;0;0;0;0;0;0;0;0;0;0;0;0;0;0;0;0;0;0;0;0;0;0;0;0;0;0;0;0;0;0;0;0;0;0;0;5140;12
99;Fundamentalists must isolated;4;12;12;0;40;69;37;158;386;338;0;40;405;160;0;1;0;0;1;0;0;0;0;0;0;0;1;0;0;0;0;0;0;0;0;0;0;0;0;0;0;0;0;0;0;0;0;0;0;0;0;0;0;0;0;0;0;0;0;0;0;0;0;0;0;0;0;0;0;0;0;0;0;0;0;0;0;0;0;0;0;0;0;0;0;0;0;0;0;0;0;0;0;0;0;0;0;0;0;0;0;0;0;0;0;0;0;0;0;0;0;0;1662;2
100;Americans possibly guilty;2;5;3;11;22;29;0;6;73;57;0;0;70;60;0;16;0;0;0;0;0;0;0;0;0;0;0;0;0;0;0;0;0;0;0;0;0;0;0;0;0;0;0;0;0;0;0;0;0;0;0;0;0;0;0;0;0;0;0;0;0;0;0;0;0;0;0;0;0;0;0;0;0;0;0;0;0;0;0;0;0;0;0;0;0;0;0;0;0;0;0;0;0;0;0;0;0;0;0;0;0;0;0;0;0;0;0;0;0;0;0;0;354;0
101;Bush not controlled;7;15;0;0;24;28;11;38;87;31;0;16;38;19;0;0;0;0;0;0;1;0;0;0;0;0;0;0;0;0;0;0;0;0;0;0;0;0;0;0;0;0;0;0;0;0;0;0;0;0;0;0;0;0;0;0;0;0;0;0;0;0;0;0;0;0;0;0;0;0;0;0;0;0;0;0;0;0;0;0;0;0;0;0;0;0;0;0;0;0;0;0;0;0;0;0;0;0;0;0;0;0;0;0;0;0;0;0;0;0;0;0;314;1
102;Poverty _ responsible;6;9;0;0;10;2;0;0;6;0;0;0;1;0;0;0;1;0;0;0;0;0;0;0;0;0;0;0;0;0;0;0;0;0;0;0;0;0;0;0;0;0;0;0;0;0;0;0;0;0;0;0;0;0;0;0;0;0;0;0;0;0;0;0;0;0;0;0;0;0;0;0;0;0;0;0;0;0;0;0;0;0;0;0;0;0;0;0;0;0;0;0;0;0;0;0;0;0;0;0;0;0;0;0;0;0;0;0;0;0;0;0;34;1
103;I not fearful;6;17;23;92;378;868;0;150;1055;1008;0;0;782;865;0;209;1;0;1;0;2;0;0;0;1;0;1;0;2;0;3;0;1;0;0;0;0;0;0;0;0;0;0;0;0;0;0;0;0;0;0;0;0;0;0;0;0;0;0;0;0;0;0;0;0;0;0;0;0;0;0;0;0;0;0;0;0;0;0;0;0;0;0;0;0;0;0;0;0;0;0;0;0;0;0;0;0;0;0;0;0;0;0;0;0;0;0;0;0;0;0;0;5453;12
104;AmericanMedia _ obsessive;6;20;0;0;45;120;15;55;303;569;0;86;664;691;0;0;0;0;1;0;0;0;1;0;0;0;2;0;3;0;1;0;0;0;0;0;0;0;0;0;0;0;0;0;0;0;0;0;0;0;0;0;0;0;0;0;0;0;0;0;0;0;0;0;0;0;0;0;0;0;0;0;0;0;0;0;0;0;0;0;0;0;0;0;0;0;0;0;0;0;0;0;0;0;0;0;0;0;0;0;0;0;0;0;0;0;0;0;0;0;0;0;2574;8
105;Foreign Policy _ waste;6;14;0;0;17;5;0;0;8;0;0;0;1;0;0;0;1;0;0;0;0;0;0;0;0;0;0;0;0;0;0;0;0;0;0;0;0;0;0;0;0;0;0;0;0;0;0;0;0;0;0;0;0;0;0;0;0;0;0;0;0;0;0;0;0;0;0;0;0;0;0;0;0;0;0;0;0;0;0;0;0;0;0;0;0;0;0;0;0;0;0;0;0;0;0;0;0;0;0;0;0;0;0;0;0;0;0;0;0;0;0;0;51;1
106;NormalPeople _ worsening;10;33;10;30;82;40;0;15;61;23;0;0;34;51;0;17;0;0;0;0;0;0;0;0;0;0;0;0;0;0;0;0;0;0;1;0;0;0;0;0;0;0;0;0;0;0;0;0;0;0;0;0;0;0;0;0;0;0;0;0;0;0;0;0;0;0;0;0;0;0;0;0;0;0;0;0;0;0;0;0;0;0;0;0;0;0;0;0;0;0;0;0;0;0;0;0;0;0;0;0;0;0;0;0;0;0;0;0;0;0;0;0;406;1
107;Kids _ shocked;5;5;0;0;4;1;0;0;2;0;0;0;0;0;0;0;0;0;0;0;0;0;0;0;0;0;0;0;0;0;0;0;0;0;0;0;0;0;0;0;0;0;0;0;0;0;0;0;0;0;0;0;0;0;0;0;0;0;0;0;0;0;0;0;0;0;0;0;0;0;0;0;0;0;0;0;0;0;0;0;0;0;0;0;0;0;0;0;0;0;0;0;0;0;0;0;0;0;0;0;0;0;0;0;0;0;0;0;0;0;0;0;17;0
108;Bush not honest;7;15;0;0;24;28;11;38;87;31;0;16;38;19;0;0;0;0;0;0;0;0;0;0;0;0;0;0;0;0;0;0;0;0;0;0;0;0;0;0;0;0;0;0;0;0;0;0;0;0;0;0;0;0;0;0;0;0;0;0;0;0;0;0;0;0;0;0;0;0;0;0;0;0;0;0;0;0;0;0;0;0;0;0;0;0;0;0;0;0;0;0;0;0;0;0;0;0;0;0;0;0;0;0;0;0;0;0;0;0;0;0;314;0
109;War not only effective;6;4;4;4;25;33;0;0;111;92;13;0;268;102;43;148;3;0;4;0;2;0;4;0;2;0;1;0;1;0;0;0;0;0;0;0;0;0;0;0;0;0;0;0;0;0;0;0;0;0;0;0;0;0;0;0;0;0;0;0;0;0;0;0;0;0;0;0;0;0;0;0;0;0;0;0;0;0;0;0;0;0;0;0;0;0;0;0;0;0;0;0;0;0;0;0;0;0;0;0;0;0;0;0;0;0;0;0;0;0;0;0;853;17
110;Atmosphere _ fearful;5;15;0;0;38;87;0;0;53;27;0;0;12;1;0;0;0;0;0;0;0;0;0;0;0;0;0;0;0;0;0;0;0;0;0;0;0;0;0;0;0;0;0;0;0;0;0;0;0;0;0;0;0;0;0;0;0;0;0;0;0;0;0;0;0;0;0;0;0;0;0;0;0;0;0;0;0;0;0;0;0;0;0;0;0;0;0;0;0;0;0;0;0;0;0;0;0;0;0;0;0;0;0;0;0;0;0;0;0;0;0;0;238;0
111;DailyLife _ changed;5;5;0;0;4;1;0;0;2;0;0;0;0;0;0;0;0;0;0;0;0;0;0;0;0;0;0;0;0;0;0;0;0;0;0;0;0;0;0;0;0;0;0;0;0;0;0;0;0;0;0;0;0;0;0;0;0;0;0;0;0;0;0;0;0;0;0;0;0;0;0;0;0;0;0;0;0;0;0;0;0;0;0;0;0;0;0;0;0;0;0;0;0;0;0;0;0;0;0;0;0;0;0;0;0;0;0;0;0;0;0;0;17;0
112;World _ threatened;7;28;0;35;74;72;0;0;92;106;0;0;52;8;0;0;1;0;2;0;0;0;0;0;0;0;0;0;0;0;0;0;0;0;0;0;0;0;0;0;0;0;0;0;0;0;0;0;0;0;0;0;0;0;0;0;0;0;0;0;0;0;0;0;0;0;0;0;0;0;0;0;0;0;0;0;0;0;0;0;0;0;0;0;0;0;0;0;0;0;0;0;0;0;0;0;0;0;0;0;0;0;0;0;0;0;0;0;0;0;0;0;474;3
113;NormalPeople can not controlling;9;24;11;37;217;401;0;68;588;717;0;0;804;1119;0;125;0;0;0;0;0;0;2;0;1;0;2;0;3;0;0;0;1;0;0;0;0;0;0;0;0;0;0;0;0;0;0;0;0;0;0;0;0;0;0;0;0;0;0;0;0;0;0;0;0;0;0;0;0;0;0;0;0;0;0;0;0;0;0;0;0;0;0;0;0;0;0;0;0;0;0;0;0;0;0;0;0;0;0;0;0;0;0;0;0;0;0;0;0;0;0;0;4120;9
114;Victims _ frustrated;6;29;1;1;75;239;23;103;617;1063;5;17;1073;1072;24;24;0;0;2;0;0;0;0;0;2;0;0;0;2;0;2;0;0;0;0;0;0;0;0;0;0;0;0;0;0;0;0;0;0;0;0;0;0;0;0;0;0;0;0;0;0;0;0;0;0;0;0;0;0;0;0;0;0;0;0;0;0;0;0;0;0;0;0;0;0;0;0;0;0;0;0;0;0;0;0;0;0;0;0;0;0;0;0;0;0;0;0;0;0;0;0;0;4372;8
115;Distruction more easy;2;2;0;0;0;2;0;0;2;6;2;2;8;4;2;10;0;0;0;0;0;0;0;0;0;0;0;0;0;0;0;0;0;0;0;0;0;0;0;0;0;0;0;0;0;0;0;0;0;0;0;0;0;0;0;0;0;0;0;0;0;0;0;0;0;0;0;0;0;0;0;0;0;0;0;0;0;0;0;0;0;0;0;0;0;0;0;0;0;0;0;0;0;0;0;0;0;0;0;0;0;0;0;0;0;0;0;0;0;0;0;0;42;0
116;Terrorists not rational;7;28;6;6;71;70;15;67;172;82;0;0;73;7;0;0;0;0;0;0;0;0;0;0;0;0;0;0;0;0;0;0;0;0;0;0;0;0;0;0;0;0;0;0;0;0;0;0;0;0;0;0;0;0;0;0;0;0;0;0;0;0;0;0;0;0;0;0;0;0;0;0;0;0;0;0;0;0;0;0;0;0;0;0;0;0;0;0;0;0;0;0;0;0;0;0;0;0;0;0;0;0;0;0;0;0;0;0;0;0;0;0;604;0
117;Threat _ continuous;6;9;0;0;15;3;0;0;12;1;0;0;4;0;0;0;0;0;0;0;0;0;0;0;0;0;0;0;0;0;0;0;0;0;0;0;0;0;0;0;0;0;0;0;0;0;0;0;0;0;0;0;0;0;0;0;0;0;0;0;0;0;0;0;0;0;0;0;0;0;0;0;0;0;0;0;0;0;0;0;0;0;0;0;0;0;0;0;0;0;0;0;0;0;0;0;0;0;0;0;0;0;0;0;0;0;0;0;0;0;0;0;50;0
118;Attack _ telegenic;5;5;0;0;4;1;0;0;2;0;0;0;0;0;0;0;0;0;0;0;0;0;0;0;0;0;0;0;0;0;0;0;0;0;0;0;0;0;0;0;0;0;0;0;0;0;0;0;0;0;0;0;0;0;0;0;0;0;0;0;0;0;0;0;0;0;0;0;0;0;0;0;0;0;0;0;0;0;0;0;0;0;0;0;0;0;0;0;0;0;0;0;0;0;0;0;0;0;0;0;0;0;0;0;0;0;0;0;0;0;0;0;17;0
119;RichPeople _ exploiting;7;19;10;34;78;45;0;15;67;24;0;0;37;51;0;17;1;0;0;0;0;0;0;0;0;0;0;0;0;0;0;0;0;0;0;0;0;0;0;0;0;0;0;0;0;0;0;0;0;0;0;0;0;0;0;0;0;0;0;0;0;0;0;0;0;0;0;0;0;0;0;0;0;0;0;0;0;0;0;0;0;0;0;0;0;0;0;0;0;0;0;0;0;0;0;0;0;0;0;0;0;0;0;0;0;0;0;0;0;0;0;0;404;1

From;Rel;To;Pos Score;Neg Score;Hit Score;Miss Score
can not;http://www,cwi,nl/~media/ns/VP/VoxPopuli,rdfs#similar;not;0,0;-206,15256132756136;0;-1191
Violence;http://www,cwi,nl/~media/ns/VP/VoxPopuli,rdfs#similar;Terrorists;2,127777777777778;-2005,8306998556056;13;-13670
not;http://www,cwi,nl/~media/ns/VP/VoxPopuli,rdfs#similar;must not;2,7111111111111112;-452,6502525252535;11;-2247
not;http://www,cwi,nl/~media/ns/VP/VoxPopuli,rdfs#opposite;must;2,642857142857143;-640,1441558441521;5;-3517
Television;http://www,cwi,nl/~media/ns/VP/VoxPopuli,rdfs#opposite;NormalPeople;2,6309523809523805;-650,6854617604521;15;-4411
not enough;http://www,cwi,nl/~media/ns/VP/VoxPopuli,rdfs#opposite;too much;0,0;0,0;0;0
Leadership;http://www,cwi,nl/~media/ns/VP/VoxPopuli,rdfs#similar;Government;0,25;-176,49336219336175;1;-1155
never;http://www,cwi,nl/~media/ns/VP/VoxPopuli,rdfs#opposite;once;0,5;-1360,0909812409625;1;-8397
Terrorists;http://www,cwi,nl/~media/ns/VP/VoxPopuli,rdfs#similar;Fundamentalists;3,3892857142857147;-2016,1141414139572;24;-15523
_;http://www,cwi,nl/~media/ns/VP/VoxPopuli,rdfs#similar;always;2,516666666666666;-637,7392857142833;11;-2832
always;http://www,cwi,nl/~media/ns/VP/VoxPopuli,rdfs#opposite;not;3,1357142857142852;-136,23686868686863;15;-971
People;http://www,cwi,nl/~media/ns/VP/VoxPopuli,rdfs#specialization;Americans;2,638492063492063;-908,9690115439981;12;-5774
attentive;http://www,cwi,nl/~media/ns/VP/VoxPopuli,rdfs#opposite;open;0,0;-636,0939393939422;0;-3887
not worst;http://www,cwi,nl/~media/ns/VP/VoxPopuli,rdfs#opposite;worst;0,0;0,0;0;0
Peace;http://www,cwi,nl/~media/ns/VP/VoxPopuli,rdfs#opposite;Hate;0,0;-470,1984126984142;0;-2563
_;http://www,cwi,nl/~media/ns/VP/VoxPopuli,rdfs#opposite;not;29,872222222222216;-2245,50663780665;87;-12739
threatened;http://www,cwi,nl/~media/ns/VP/VoxPopuli,rdfs#opposite;revenging;1,2249999999999999;-679,8391053390973;8;-4211
never;http://www,cwi,nl/~media/ns/VP/VoxPopuli,rdfs#opposite;can;0,14285714285714285;-457,05360750360995;1;-3065
controlling;http://www,cwi,nl/~media/ns/VP/VoxPopuli,rdfs#similar;attentive;2,817063492063492;-973,8372294372175;15;-6448
_;http://www,cwi,nl/~media/ns/VP/VoxPopuli,rdfs#similar;best;0,9833333333333334;-1305,789862914862;4;-6571
Economic Aid;http://www,cwi,nl/~media/ns/VP/VoxPopuli,rdfs#opposite;War;5,333333333333333;-155,78867243867313;12;-949
_;http://www,cwi,nl/~media/ns/VP/VoxPopuli,rdfs#opposite;never;2,8456349206349207;-2485,978102453157;9;-14552
Diplomacy;http://www,cwi,nl/~media/ns/VP/VoxPopuli,rdfs#opposite;War;9,15;-169,07460317460394;19;-1005
Diplomacy;http://www,cwi,nl/~media/ns/VP/VoxPopuli,rdfs#opposite;Military Actions;2,333333333333333;-54,90595238095253;6;-324
must not;http://www,cwi,nl/~media/ns/VP/VoxPopuli,rdfs#opposite;always;0,14285714285714285;-199,652525252524;1;-1279
once;http://www,cwi,nl/~media/ns/VP/VoxPopuli,rdfs#similar;possibly;0,0;-379,2511183261181;0;-2515
can;http://www,cwi,nl/~media/ns/VP/VoxPopuli,rdfs#opposite;can not;0,25396825396825395;-156,9567460317455;2;-1000
threatened;http://www,cwi,nl/~media/ns/VP/VoxPopuli,rdfs#similar;frustrated;2,521428571428571;-884,4863275613133;16;-5472
best;http://www,cwi,nl/~media/ns/VP/VoxPopuli,rdfs#opposite;not;0,9833333333333334;-38,88387445887448;4;-211
Groundforces;http://www,cwi,nl/~media/ns/VP/VoxPopuli,rdfs#opposite;Bombing;7,1000000000000005;-176,60400432900312;20;-1006
Government;http://www,cwi,nl/~media/ns/VP/VoxPopuli,rdfs#similar;Politicians;0,25;-40,58373015873021;1;-176
threatened;http://www,cwi,nl/~media/ns/VP/VoxPopuli,rdfs#similar;attacked;2,4761904761904763;-685,8618686868643;7;-4380
Society;http://www,cwi,nl/~media/ns/VP/VoxPopuli,rdfs#specialization;AmericanSociety;0,0;-84,00753968254003;0;-439
more;http://www,cwi,nl/~media/ns/VP/VoxPopuli,rdfs#opposite;less;0,0;-10,752380952380946;0;-45
NormalPeople;http://www,cwi,nl/~media/ns/VP/VoxPopuli,rdfs#opposite;RichPeople;0,0;-129,21085858585897;0;-747
always;http://www,cwi,nl/~media/ns/VP/VoxPopuli,rdfs#opposite;can not;0,8190476190476189;-270,41944444444266;5;-1837
Peace;http://www,cwi,nl/~media/ns/VP/VoxPopuli,rdfs#opposite;War;0,0;-190,4621933621923;0;-978
Muslims;http://www,cwi,nl/~media/ns/VP/VoxPopuli,rdfs#generalization;People;3,022619047619048;-1848,752669552522;22;-14243
War;http://www,cwi,nl/~media/ns/VP/VoxPopuli,rdfs#specialization;Bombing;23,869047619047617;-703,0999999999985;64;-3636
not best;http://www,cwi,nl/~media/ns/VP/VoxPopuli,rdfs#opposite;best;0,0;-315,2651154401161;0;-2195
Victims;http://www,cwi,nl/~media/ns/VP/VoxPopuli,rdfs#similar;Casualties;1,3805555555555558;-596,3057720057803;8;-4071
Enemies;http://www,cwi,nl/~media/ns/VP/VoxPopuli,rdfs#similar;Terrorists;0,0;-92,69841269841244;0;-528
frustrated;http://www,cwi,nl/~media/ns/VP/VoxPopuli,rdfs#similar;desperate;2,5857142857142854;-444,5437590187629;12;-2911
always;http://www,cwi,nl/~media/ns/VP/VoxPopuli,rdfs#opposite;never;0,34285714285714286;-341,19949494949293;2;-2533
must not;http://www,cwi,nl/~media/ns/VP/VoxPopuli,rdfs#similar;not;0,0;-43,54761904761909;0;-180
Bombing;http://www,cwi,nl/~media/ns/VP/VoxPopuli,rdfs#generalization;War;23,383333333333322;-719,5238455988305;63;-3883
RichPeople;http://www,cwi,nl/~media/ns/VP/VoxPopuli,rdfs#similar;Oligarchy;1,0;-153,33124098124088;1;-1056
exceptional;http://www,cwi,nl/~media/ns/VP/VoxPopuli,rdfs#opposite;normal;0,0;-88,12261904761904;0;-424
Bin Laden;http://www,cwi,nl/~media/ns/VP/VoxPopuli,rdfs#opposite;Bush;0,0;-49,177777777778054;0;-269
Enemies;http://www,cwi,nl/~media/ns/VP/VoxPopuli,rdfs#opposite;Friends;0,0;-246,09444444444077;0;-1461
secure;http://www,cwi,nl/~media/ns/VP/VoxPopuli,rdfs#opposite;attentive;0,47619047619047616;-205,99999999999818;3;-847
controlling;http://www,cwi,nl/~media/ns/VP/VoxPopuli,rdfs#opposite;accidental;0,2222222222222222;-502,265584415587;2;-3231
attacked;http://www,cwi,nl/~media/ns/VP/VoxPopuli,rdfs#similar;threatened;2,4761904761904763;-282,96547619047686;7;-1349
desperate;http://www,cwi,nl/~media/ns/VP/VoxPopuli,rdfs#similar;frustrated;2,5857142857142854;-861,4497113996697;12;-5994
Casualties;http://www,cwi,nl/~media/ns/VP/VoxPopuli,rdfs#similar;Victims;1,5234126984126986;-526,347763347765;9;-3685
AmericanMedia;http://www,cwi,nl/~media/ns/VP/VoxPopuli,rdfs#opposite;ForeignMedia;0,0;-327,36489898989913;0;-2072
threatened;http://www,cwi,nl/~media/ns/VP/VoxPopuli,rdfs#similar;fearful;5,668650793650795;-1634,6580086580082;27;-10813
Terrorists;http://www,cwi,nl/~media/ns/VP/VoxPopuli,rdfs#similar;Enemies;0,0;-780,0192279942215;0;-4797
NormalPeople;http://www,cwi,nl/~media/ns/VP/VoxPopuli,rdfs#generalization;People;3,951587301587301;-1171,5678571428014;22;-8291
People;http://www,cwi,nl/~media/ns/VP/VoxPopuli,rdfs#specialization;RichPeople;0,0;-1150,4581529581085;0;-7350
Military Actions;http://www,cwi,nl/~media/ns/VP/VoxPopuli,rdfs#similar;War;9,533333333333331;-348,5929292929332;26;-2116
People;http://www,cwi,nl/~media/ns/VP/VoxPopuli,rdfs#specialization;NormalPeople;3,8722222222222213;-2687,4624098125964;23;-17818
once;http://www,cwi,nl/~media/ns/VP/VoxPopuli,rdfs#opposite;never;0,7361111111111112;-126,47103174603228;3;-702
can not;http://www,cwi,nl/~media/ns/VP/VoxPopuli,rdfs#opposite;can;0,3611111111111111;-239,70616883116486;2;-1444
Military Actions;http://www,cwi,nl/~media/ns/VP/VoxPopuli,rdfs#opposite;Diplomacy;3,3333333333333335;-67,02619047619068;10;-298
War;http://www,cwi,nl/~media/ns/VP/VoxPopuli,rdfs#opposite;Peace;0,0;-850,0813492063444;0;-4316
attentive;http://www,cwi,nl/~media/ns/VP/VoxPopuli,rdfs#similar;controlling;2,817063492063492;-884,3247113996856;15;-5677
can;http://www,cwi,nl/~media/ns/VP/VoxPopuli,rdfs#similar;_;0,25;-19,7488095238095;1;-117
not only;http://www,cwi,nl/~media/ns/VP/VoxPopuli,rdfs#opposite;only;13,228571428571428;-280,681637806634;35;-1701
RichPeople;http://www,cwi,nl/~media/ns/VP/VoxPopuli,rdfs#generalization;People;0,0;-231,5196248196229;0;-1394
least;http://www,cwi,nl/~media/ns/VP/VoxPopuli,rdfs#opposite;most;0,0;0,0;0;0
Bush;http://www,cwi,nl/~media/ns/VP/VoxPopuli,rdfs#similar;Politicians;0,3333333333333333;-160,63650793650686;1;-811
threatened;http://www,cwi,nl/~media/ns/VP/VoxPopuli,rdfs#opposite;threatening;0,0;-741,1480519480464;0;-4575
Bush;http://www,cwi,nl/~media/ns/VP/VoxPopuli,rdfs#opposite;Bin Laden;0,0;-269,9990259740242;0;-1799
People;http://www,cwi,nl/~media/ns/VP/VoxPopuli,rdfs#specialization;I;5,321031746031747;-527,9796536796597;24;-3322
_;http://www,cwi,nl/~media/ns/VP/VoxPopuli,rdfs#similar;can;0,0;-943,1601010100966;0;-4604
_;http://www,cwi,nl/~media/ns/VP/VoxPopuli,rdfs#opposite;not best;0,0;-1005,4967171716986;0;-5404
War;http://www,cwi,nl/~media/ns/VP/VoxPopuli,rdfs#generalization;Violence;2,577777777777778;-2588,6892135641433;14;-16314
less;http://www,cwi,nl/~media/ns/VP/VoxPopuli,rdfs#opposite;more;0,0;0,0;0;0
War;http://www,cwi,nl/~media/ns/VP/VoxPopuli,rdfs#similar;Military Actions;10,666666666666668;-385,44682539682407;30;-1741
War;http://www,cwi,nl/~media/ns/VP/VoxPopuli,rdfs#opposite;Diplomacy;7,699999999999998;-368,1376984126972;15;-1799
useless;http://www,cwi,nl/~media/ns/VP/VoxPopuli,rdfs#similar;waste;5,050000000000002;-106,4261904761906;17;-573
open;http://www,cwi,nl/~media/ns/VP/VoxPopuli,rdfs#opposite;attentive;0,0;-151,18134920634893;0;-778
accidental;http://www,cwi,nl/~media/ns/VP/VoxPopuli,rdfs#opposite;controlling;0,2222222222222222;-206,79898989898876;2;-1477
Hate;http://www,cwi,nl/~media/ns/VP/VoxPopuli,rdfs#opposite;Peace;0,0;-55,64047619047627;0;-282
Poverty;http://www,cwi,nl/~media/ns/VP/VoxPopuli,rdfs#opposite;Wealth;0,0;-13,500000000000004;0;-34
NormalPeople;http://www,cwi,nl/~media/ns/VP/VoxPopuli,rdfs#opposite;Politicians;1,85;-1164,59206349203;9;-7454
Terrorists;http://www,cwi,nl/~media/ns/VP/VoxPopuli,rdfs#similar;Violence;2,116666666666667;-1454,8811688311;13;-9787
many;http://www,cwi,nl/~media/ns/VP/VoxPopuli,rdfs#opposite;isolated;0,7;-184,20515873015933;2;-1122
never;http://www,cwi,nl/~media/ns/VP/VoxPopuli,rdfs#opposite;_;5,775793650793651;-150,95544733044719;22;-1012
exceptional;http://www,cwi,nl/~media/ns/VP/VoxPopuli,rdfs#opposite;continuous;0,0;-86,25833333333323;0;-424
_;http://www,cwi,nl/~media/ns/VP/VoxPopuli,rdfs#opposite;must not;1,1428571428571428;-943,1080447330351;3;-5047
_;http://www,cwi,nl/~media/ns/VP/VoxPopuli,rdfs#similar;must;0,8111111111111111;-496,70948773448873;3;-2065
Violence;http://www,cwi,nl/~media/ns/VP/VoxPopuli,rdfs#similar;Culprits;0,0;-639,7380952380892;0;-3474
Problem;http://www,cwi,nl/~media/ns/VP/VoxPopuli,rdfs#opposite;Solution;0,0;0,0;0;0
hopefully;http://www,cwi,nl/~media/ns/VP/VoxPopuli,rdfs#similar;possibly;0,225;-402,7253968253979;2;-2669
Television;http://www,cwi,nl/~media/ns/VP/VoxPopuli,rdfs#similar;AmericanMedia;2,630952380952381;-563,7019119769118;15;-3862
not best;http://www,cwi,nl/~media/ns/VP/VoxPopuli,rdfs#similar;not;0,0;0,0;0;0
too much;http://www,cwi,nl/~media/ns/VP/VoxPopuli,rdfs#opposite;not enough;0,0;-1,0;0;-1
best;http://www,cwi,nl/~media/ns/VP/VoxPopuli,rdfs#opposite;not best;0,0;-126,7379148629151;0;-790
NormalPeople;http://www,cwi,nl/~media/ns/VP/VoxPopuli,rdfs#opposite;Oligarchy;0,0;-343,8853535353545;0;-1969
normal;http://www,cwi,nl/~media/ns/VP/VoxPopuli,rdfs#opposite;exceptional;0,0;-11,433333333333328;0;-33
Bombing;http://www,cwi,nl/~media/ns/VP/VoxPopuli,rdfs#opposite;Economic Aid;2,6666666666666665;-140,5956349206347;6;-658
Politicians;http://www,cwi,nl/~media/ns/VP/VoxPopuli,rdfs#similar;Bush;0,3333333333333333;-635,9344516594522;1;-4212
must not;http://www,cwi,nl/~media/ns/VP/VoxPopuli,rdfs#opposite;must;1,0;-199,2219336219323;1;-1281
Americans;http://www,cwi,nl/~media/ns/VP/VoxPopuli,rdfs#generalization;People;2,2384920634920635;-952,9203463203576;12;-6177
Innocents;http://www,cwi,nl/~media/ns/VP/VoxPopuli,rdfs#opposite;Culprits;0,0;0,0;0;0
not;http://www,cwi,nl/~media/ns/VP/VoxPopuli,rdfs#opposite;always;0,6761904761904761;-918,166702741693;4;-5778
RichPeople;http://www,cwi,nl/~media/ns/VP/VoxPopuli,rdfs#opposite;BlackPeople;0,0;-431,3691197691234;0;-2712
Leadership;http://www,cwi,nl/~media/ns/VP/VoxPopuli,rdfs#similar;Oligarchy;0,0;-30,77103174603174;0;-133
fearful;http://www,cwi,nl/~media/ns/VP/VoxPopuli,rdfs#similar;attentive;4,667857142857144;-2061,481601731583;25;-13672
can not;http://www,cwi,nl/~media/ns/VP/VoxPopuli,rdfs#opposite;always;1,2119047619047618;-296,7400432900437;7;-2025
Government;http://www,cwi,nl/~media/ns/VP/VoxPopuli,rdfs#similar;Leadership;0,0;-42,08531746031753;0;-205
BlackPeople;http://www,cwi,nl/~media/ns/VP/VoxPopuli,rdfs#opposite;RichPeople;0,0;-71,6770202020204;0;-379
I;http://www,cwi,nl/~media/ns/VP/VoxPopuli,rdfs#generalization;People;5,487698412698413;-1724,3360028860036;24;-10904
not;http://www,cwi,nl/~media/ns/VP/VoxPopuli,rdfs#similar;can not;0,5;-785,6516233766199;2;-4010
worst;http://www,cwi,nl/~media/ns/VP/VoxPopuli,rdfs#opposite;not worst;0,0;-613,504761904763;0;-4052
Americans;http://www,cwi,nl/~media/ns/VP/VoxPopuli,rdfs#opposite;European;0,0;-456,2222943722972;0;-2728
always;http://www,cwi,nl/~media/ns/VP/VoxPopuli,rdfs#opposite;must not;0,0;-140,5500721500723;0;-922
People;http://www,cwi,nl/~media/ns/VP/VoxPopuli,rdfs#specialization;Muslims;2,8686507936507937;-1924,4761183259852;21;-13588
AmericanSociety;http://www,cwi,nl/~media/ns/VP/VoxPopuli,rdfs#generalization;Society;0,0;-7,416666666666665;0;-17
not;http://www,cwi,nl/~media/ns/VP/VoxPopuli,rdfs#similar;never;6,4190476190476184;-1278,5887085137058;23;-7127
Violence;http://www,cwi,nl/~media/ns/VP/VoxPopuli,rdfs#specialization;War;2,6166666666666667;-1064,181385281358;14;-7124
same;http://www,cwi,nl/~media/ns/VP/VoxPopuli,rdfs#opposite;not same;0,0;-59,51428571428581;0;-317
Distruction;http://www,cwi,nl/~media/ns/VP/VoxPopuli,rdfs#similar;Casualties;0,26785714285714285;-60,37142857142886;2;-356
most;http://www,cwi,nl/~media/ns/VP/VoxPopuli,rdfs#opposite;least;0,0;0,0;0;0
waste;http://www,cwi,nl/~media/ns/VP/VoxPopuli,rdfs#similar;useless;4,96904761904762;-949,8184704184645;17;-5800
CurrentWorld;http://www,cwi,nl/~media/ns/VP/VoxPopuli,rdfs#generalization;World;2,0;-100,00238095238127;4;-464
attentive;http://www,cwi,nl/~media/ns/VP/VoxPopuli,rdfs#opposite;secure;0,47619047619047616;-630,0853174603176;3;-3879
Politicians;http://www,cwi,nl/~media/ns/VP/VoxPopuli,rdfs#opposite;NormalPeople;2,1;-637,1145382395505;10;-4159
frustrated;http://www,cwi,nl/~media/ns/VP/VoxPopuli,rdfs#similar;threatened;2,5214285714285714;-1112,6204545453868;16;-8006
ForeignMedia;http://www,cwi,nl/~media/ns/VP/VoxPopuli,rdfs#opposite;AmericanMedia;0,0;-36,69761904761912;0;-212
Casualties;http://www,cwi,nl/~media/ns/VP/VoxPopuli,rdfs#similar;Distruction;0,125;-216,0924603174588;1;-1304
World;http://www,cwi,nl/~media/ns/VP/VoxPopuli,rdfs#specialization;CurrentWorld;2,0;-109,36428571428598;4;-472
Victims;http://www,cwi,nl/~media/ns/VP/VoxPopuli,rdfs#opposite;Terrorists;3,4591269841269847;-1019,7467532467292;17;-7318
not best;http://www,cwi,nl/~media/ns/VP/VoxPopuli,rdfs#opposite;_;3,4833333333333334;-21,904365079365068;14;-129
NormalPeople;http://www,cwi,nl/~media/ns/VP/VoxPopuli,rdfs#similar;Americans;0,1;-154,06872294372275;1;-803
Terrorists;http://www,cwi,nl/~media/ns/VP/VoxPopuli,rdfs#opposite;Victims;3,316269841269841;-1046,236363636335;16;-6990
isolated;http://www,cwi,nl/~media/ns/VP/VoxPopuli,rdfs#opposite;many;0,7;-131,65079365079404;2;-832
hopefully;http://www,cwi,nl/~media/ns/VP/VoxPopuli,rdfs#opposite;never;0,9444444444444444;-287,36489898989623;3;-1907
War;http://www,cwi,nl/~media/ns/VP/VoxPopuli,rdfs#opposite;Economic Aid;3,983333333333334;-253,9837301587282;11;-1160
can;http://www,cwi,nl/~media/ns/VP/VoxPopuli,rdfs#similar;hopefully;0,1111111111111111;-237,90443722943493;1;-1343
limited;http://www,cwi,nl/~media/ns/VP/VoxPopuli,rdfs#similar;isolated;0,3666666666666667;-119,09945887445882;2;-807
not same;http://www,cwi,nl/~media/ns/VP/VoxPopuli,rdfs#opposite;same;0,0;0,0;0;0
isolated;http://www,cwi,nl/~media/ns/VP/VoxPopuli,rdfs#similar;limited;0,3666666666666667;-171,76594516594594;2;-1107
worst;http://www,cwi,nl/~media/ns/VP/VoxPopuli,rdfs#opposite;best;0,0;0,0;0;0
must;http://www,cwi,nl/~media/ns/VP/VoxPopuli,rdfs#similar;_;0,5;-66,84801587301607;1;-339
Friends;http://www,cwi,nl/~media/ns/VP/VoxPopuli,rdfs#opposite;Enemies;0,0;0,0;0;0
Leadership;http://www,cwi,nl/~media/ns/VP/VoxPopuli,rdfs#opposite;NormalPeople;0,0;-142,53896103896116;0;-714
Fundamentalists;http://www,cwi,nl/~media/ns/VP/VoxPopuli,rdfs#similar;Terrorists;3,2353174603174604;-1572,4989898988683;23;-11475
possibly;http://www,cwi,nl/~media/ns/VP/VoxPopuli,rdfs#similar;hopefully;0,0;-60,65490620490642;0;-308
never;http://www,cwi,nl/~media/ns/VP/VoxPopuli,rdfs#similar;not;3,5833333333333335;-217,3946248196228;11;-1304
hopefully;http://www,cwi,nl/~media/ns/VP/VoxPopuli,rdfs#similar;can;0,1111111111111111;-67,95238095238105;1;-354
effective;http://www,cwi,nl/~media/ns/VP/VoxPopuli,rdfs#opposite;waste;10,402380952380952;-1951,9838023088025;33;-11089
attentive;http://www,cwi,nl/~media/ns/VP/VoxPopuli,rdfs#similar;caring;1,5166666666666666;-573,9200577200608;8;-3565
Oligarchy;http://www,cwi,nl/~media/ns/VP/VoxPopuli,rdfs#similar;Leadership;0,0;-32,29188311688312;0;-207
Muslims;http://www,cwi,nl/~media/ns/VP/VoxPopuli,rdfs#specialization;Fundamentalists;2,8686507936507937;-1657,32334054824;21;-12117
only;http://www,cwi,nl/~media/ns/VP/VoxPopuli,rdfs#opposite;not only;13,642857142857139;-773,3020923520838;35;-4805
always;http://www,cwi,nl/~media/ns/VP/VoxPopuli,rdfs#similar;_;0,25;-34,9948051948052;1;-226
not;http://www,cwi,nl/~media/ns/VP/VoxPopuli,rdfs#opposite;_;22,231746031746027;-769,4604617604471;64;-4650
can;http://www,cwi,nl/~media/ns/VP/VoxPopuli,rdfs#opposite;never;0,0;-90,48553391053396;0;-574
Americans;http://www,cwi,nl/~media/ns/VP/VoxPopuli,rdfs#similar;NormalPeople;0,3333333333333333;-77,4630952380954;1;-305
Culprits;http://www,cwi,nl/~media/ns/VP/VoxPopuli,rdfs#opposite;Innocents;0,0;-264,2126984126949;0;-1553
threatening;http://www,cwi,nl/~media/ns/VP/VoxPopuli,rdfs#opposite;threatened;0,0;0,0;0;0
Terrorism;http://www,cwi,nl/~media/ns/VP/VoxPopuli,rdfs#similar;Hate;0,0;-69,14047619047636;0;-316
possibly;http://www,cwi,nl/~media/ns/VP/VoxPopuli,rdfs#similar;once;0,2361111111111111;-81,38769841269882;2;-432
best;http://www,cwi,nl/~media/ns/VP/VoxPopuli,rdfs#opposite;worst;0,0;-1544,5502164501784;0;-9607
only;http://www,cwi,nl/~media/ns/VP/VoxPopuli,rdfs#opposite;not;23,29523809523809;-612,8277777777756;59;-3686
must;http://www,cwi,nl/~media/ns/VP/VoxPopuli,rdfs#opposite;must not;1,1666666666666667;-178,76969696969644;2;-1014
Wealth;http://www,cwi,nl/~media/ns/VP/VoxPopuli,rdfs#opposite;Poverty;0,0;-50,55595238095245;0;-224
best;http://www,cwi,nl/~media/ns/VP/VoxPopuli,rdfs#similar;_;0,0;0,0;0;0
Economic Aid;http://www,cwi,nl/~media/ns/VP/VoxPopuli,rdfs#opposite;Bombing;2,5833333333333335;-22,535714285714274;5;-87
fearful;http://www,cwi,nl/~media/ns/VP/VoxPopuli,rdfs#similar;threatened;5,6686507936507935;-1608,1016233765429;27;-10597
not;http://www,cwi,nl/~media/ns/VP/VoxPopuli,rdfs#opposite;best;0,0;-1347,3990620490388;0;-8198
Oligarchy;http://www,cwi,nl/~media/ns/VP/VoxPopuli,rdfs#similar;RichPeople;1,0;-49,680158730158865;1;-279
caring;http://www,cwi,nl/~media/ns/VP/VoxPopuli,rdfs#similar;attentive;1,516666666666667;-569,2430735930917;8;-3727
Oligarchy;http://www,cwi,nl/~media/ns/VP/VoxPopuli,rdfs#opposite;NormalPeople;0,0;-36,848015873015925;0;-164
NormalPeople;http://www,cwi,nl/~media/ns/VP/VoxPopuli,rdfs#opposite;Leadership;0,25;-594,893434343444;1;-3603
waste;http://www,cwi,nl/~media/ns/VP/VoxPopuli,rdfs#opposite;effective;10,099999999999996;-119,605158730159;33;-603
obsessive;http://www,cwi,nl/~media/ns/VP/VoxPopuli,rdfs#similar;attentive;1,6369047619047616;-349,9547619047531;8;-2259
not;http://www,cwi,nl/~media/ns/VP/VoxPopuli,rdfs#similar;not best;3,4833333333333334;-497,0327922077944;14;-2537
continuous;http://www,cwi,nl/~media/ns/VP/VoxPopuli,rdfs#opposite;exceptional;0,0;-11,683333333333328;0;-33
Bombing;http://www,cwi,nl/~media/ns/VP/VoxPopuli,rdfs#opposite;Groundforces;7,45;-331,0682539682516;20;-1693
RichPeople;http://www,cwi,nl/~media/ns/VP/VoxPopuli,rdfs#opposite;NormalPeople;0,0;-33,481746031746056;0;-142
Culprits;http://www,cwi,nl/~media/ns/VP/VoxPopuli,rdfs#similar;Violence;0,0;0,0;0;0
Hate;http://www,cwi,nl/~media/ns/VP/VoxPopuli,rdfs#similar;Terrorism;0,0;-201,59563492063322;0;-1193
must not;http://www,cwi,nl/~media/ns/VP/VoxPopuli,rdfs#opposite;_;3,877777777777778;-174,61082251082206;14;-1003
Solution;http://www,cwi,nl/~media/ns/VP/VoxPopuli,rdfs#opposite;Problem;0,0;0,0;0;0
never;http://www,cwi,nl/~media/ns/VP/VoxPopuli,rdfs#opposite;hopefully;1,1694444444444445;-1147,5289321789;5;-7178
Fundamentalists;http://www,cwi,nl/~media/ns/VP/VoxPopuli,rdfs#generalization;Muslims;3,022619047619048;-1958,5987373736043;22;-15354
not;http://www,cwi,nl/~media/ns/VP/VoxPopuli,rdfs#opposite;only;24,776190476190475;-1799,4871572871511;59;-10470
attentive;http://www,cwi,nl/~media/ns/VP/VoxPopuli,rdfs#similar;obsessive;1,6369047619047619;-591,4203102453156;8;-3664
revenging;http://www,cwi,nl/~media/ns/VP/VoxPopuli,rdfs#opposite;threatened;1,225;-602,7154761904957;8;-3852
never;http://www,cwi,nl/~media/ns/VP/VoxPopuli,rdfs#opposite;always;0,0;-154,5912337662335;0;-1002
attentive;http://www,cwi,nl/~media/ns/VP/VoxPopuli,rdfs#similar;fearful;4,667857142857143;-1218,4254689754273;25;-7990
European;http://www,cwi,nl/~media/ns/VP/VoxPopuli,rdfs#opposite;Americans;0,0;-12,014285714285702;0;-46
must;http://www,cwi,nl/~media/ns/VP/VoxPopuli,rdfs#opposite;not;2,7873015873015876;-390,70945165945557;6;-2194
Politicians;http://www,cwi,nl/~media/ns/VP/VoxPopuli,rdfs#similar;Government;0,0;-237,96111111110923;0;-1429
AmericanMedia;http://www,cwi,nl/~media/ns/VP/VoxPopuli,rdfs#similar;Television;2,6309523809523805;-742,247366522331;15;-4808
Self;;Self;34,0;0,0;34;0
NormalPeople;http://www,cwi,nl/~media/ns/VP/VoxPopuli,rdfs#opposite;Television;2,630952380952381;-999,8595238094966;15;-6330
